theologian,sermon_id,sermon_key,narrative.coherentie.score,aristoteles.ethos.score,aristoteles.logos.score,aristoteles.orthodoxy_logos.score,aristoteles.orthopathy_pathos.score,aristoteles.orthopraxy_ethos.score,aristoteles.pathos.score,dekker.1_specific_bible_passage.score,dekker.2_exegesis_original_context.score,dekker.3_application_concrete_contemporary.score,dekker.4_interwoveness_exposition_application.score,dekker.5_three_parts_misery_redemption_gratitude.score,dekker.6_two_ways_seriousness_of_choice.score,dekker.7_christocentric_grace.score,dekker.8_depth_and_length.score,esthetiek.dramaturgy.b1_narrative_arc.score,esthetiek.dramaturgy.b2_integration_text_and_context.score,esthetiek.dramaturgy.b3_openness_vs_closedness.score,esthetiek.poetics.a1_imagery.score,esthetiek.poetics.a2_carefulness_and_precision.score,esthetiek.poetics.a3_musicality_and_rhythm.score,kolb.abstract_conceptualization.score,kolb.active_experimentation.score,kolb.concrete_experience.score,kolb.integrality.balance_between_phases.score,kolb.integrality.cycle_completeness.score,kolb.integrality.holistic_learning.score,kolb.reflective_observation.score,schulz.appeal_aspect.score,schulz.factual_content.score,schulz.relational_aspect.score,schulz.self_revelation.score,transactional.adult.score,transactional.child.free_FC.score,transactional.child.freedom_AC.score,transactional.parent.freedom_CP.score,transactional.parent.nurturing_NP.score,cluster
augustine,01,augustine_01,9,5,6,8,7,4,7,4,3,2,3,5,4,7,2,7,5,4,6,8,7,8,3,4,4,5,5,5,7,7,6,5,6,9,7,8,7,1
augustine,02,augustine_02,7,6,7,9,8,5,8,6,5,4,7,7,8,6,8,6,8,5,7,8,7,7,5,6,5,6,6,8,7,8,5,6,5,2,1,2,4,2
augustine,03,augustine_03,7,6,8,9,5,6,5,7,5,4,6,7,6,5,4,6,7,5,7,8,6,8,3,4,4,5,5,7,4,7,5,6,5,1,2,2,3,1
augustine,04,augustine_04,9,8,7,9,6,7,6,3,4,4,6,7,5,8,7,7,8,6,7,8,8,8,6,5,5,6,6,7,8,8,7,6,6,6,5,4,7,3
augustine,05,augustine_05,9,6,7,9,4,5,5,2,3,2,3,5,4,7,2,4,5,3,5,8,7,8,3,4,4,5,5,5,6,7,5,4,6,7,9,7,8,1
augustine,06,augustine_06,7,5,8,9,5,4,6,4,3,5,7,8,9,5,4,7,8,5,7,8,8,7,5,6,5,6,6,8,8,7,4,5,5,2,1,2,4,4
augustine,07,augustine_07,7,7,7,8,5,7,6,3,4,7,6,7,6,5,8,7,8,6,8,7,8,7,5,7,6,6,6,8,6,7,4,5,5,3,2,3,4,5
augustine,08,augustine_08,10,6,5,8,9,5,8,2,1,3,4,6,4,7,2,5,4,5,7,6,8,7,4,5,4,5,5,4,7,6,6,5,6,9,9,8,9,6
augustine,09,augustine_09,9,5,8,9,6,5,6,3,2,4,5,4,2,6,3,6,7,5,8,7,8,8,5,7,5,6,6,6,6,7,5,6,9,8,9,8,9,4
augustine,10,augustine_10,9,6,7,8,4,5,5,3,4,4,5,7,6,8,2,7,5,4,6,7,6,8,5,4,5,6,5,7,5,7,6,5,5,2,2,3,4,1
augustine,11,augustine_11,9,7,5,8,9,6,8,2,1,4,3,7,6,5,4,7,6,6,8,7,8,8,4,6,5,6,6,7,7,6,5,8,1,3,1,2,4,5
augustine,12,augustine_12,9,4,5,8,6,4,7,2,2,3,4,5,6,7,2,6,5,5,8,7,8,8,3,4,4,5,4,5,4,6,5,5,3,5,3,4,6,1
augustine,13,augustine_13,8,5,7,8,5,4,6,3,2,4,5,7,8,5,4,7,6,4,6,7,8,8,6,5,5,6,6,7,7,6,4,5,2,2,1,1,3,1
augustine,14,augustine_14,9,6,7,8,4,6,5,3,2,4,5,6,7,6,2,5,6,4,5,8,7,8,4,5,5,6,5,6,5,7,4,5,5,4,2,3,4,1
augustine,15,augustine_15,6,6,6,8,4,5,5,4,3,3,4,5,6,5,2,5,6,4,5,6,7,7,4,4,5,5,5,5,4,6,5,5,4,5,2,3,4,1
augustine,16,augustine_16,9,6,6,8,4,6,5,5,4,3,5,4,6,5,2,6,7,5,7,8,8,7,6,5,5,6,5,4,4,6,5,5,5,4,3,4,6,1
augustine,17,augustine_17,7,8,7,8,6,8,6,4,3,5,6,7,7,2,4,7,8,6,7,8,8,8,4,5,5,6,6,7,6,7,5,6,5,2,3,4,6,2
augustine,18,augustine_18,8,4,6,8,5,4,5,4,2,3,4,5,8,3,2,4,5,3,5,6,7,7,5,4,4,5,4,5,3,5,4,4,2,1,1,2,3,1
augustine,19,augustine_19,8,6,6,8,5,6,5,3,4,4,5,6,7,5,2,5,6,4,6,7,7,7,4,5,5,5,5,6,7,6,4,5,3,1,1,2,4,1
augustine,20,augustine_20,8,6,6,8,4,5,5,2,3,4,3,4,6,2,2,5,4,3,5,6,7,7,6,5,5,5,5,4,3,5,4,4,2,0,1,1,2,1
augustine,21,augustine_21,8,4,6,8,5,4,5,4,3,5,6,4,7,3,2,5,6,4,6,7,7,7,7,4,6,6,6,6,5,6,4,5,4,1,2,2,3,1
augustine,22,augustine_22,9,6,7,9,5,6,5,4,3,5,6,5,7,6,2,7,8,5,7,8,6,8,4,6,6,6,6,7,6,7,6,5,9,6,8,7,8,4
brueggemann,01,brueggemann_01,9,7,6,6,8,7,7,4,6,7,5,6,4,6,3,8,9,7,7,8,6,7,4,7,6,6,6,8,8,7,7,6,9,9,9,9,8,3
brueggemann,02,brueggemann_02,6,6,7,8,4,6,5,5,4,3,6,4,5,4,2,7,8,6,6,8,7,8,4,5,5,6,6,7,4,6,6,5,9,7,9,8,5,4
brueggemann,03,brueggemann_03,9,6,7,8,9,6,8,4,5,7,6,6,5,5,4,7,8,7,7,8,8,7,4,5,5,6,6,8,7,7,5,6,9,9,8,7,8,3
brueggemann,04,brueggemann_04,7,6,7,8,7,6,8,5,4,7,6,5,6,4,3,6,8,7,8,7,7,6,5,8,6,6,7,7,6,6,5,7,6,7,5,7,8,7
brueggemann,05,brueggemann_05,9,7,6,7,8,6,8,4,3,6,5,7,4,6,3,7,8,6,7,8,8,6,5,8,6,7,7,7,5,6,8,7,7,8,9,8,9,6
brueggemann,06,brueggemann_06,8,7,7,7,8,7,8,4,5,7,6,5,6,4,4,6,8,6,7,8,8,7,5,6,5,6,6,8,6,6,5,7,5,4,3,4,6,5
brueggemann,07,brueggemann_07,7,7,8,9,5,7,6,6,7,5,4,6,3,5,3,6,8,7,7,8,8,8,6,5,6,7,6,7,6,7,5,6,9,7,9,9,8,3
brueggemann,08,brueggemann_08,9,6,7,8,7,6,7,6,4,5,7,6,5,7,3,7,8,6,7,8,8,8,5,7,6,6,6,6,6,6,5,7,2,5,2,3,4,5
brueggemann,09,brueggemann_09,9,6,7,8,8,5,8,5,4,6,5,6,7,4,3,7,8,6,8,7,8,8,5,6,6,6,6,7,6,7,5,6,6,8,5,4,7,2
brueggemann,10,brueggemann_10,6,7,7,8,6,7,6,4,5,4,6,5,6,5,3,7,8,6,8,7,8,8,4,5,5,6,6,7,7,7,5,6,9,6,9,8,7,4
brueggemann,100,brueggemann_100,8,5,7,8,5,5,6,3,5,7,4,5,7,4,5,6,8,5,6,7,7,7,5,6,6,6,6,8,5,7,5,6,6,2,4,3,4,4
brueggemann,101,brueggemann_101,8,6,7,8,8,6,8,3,4,5,6,7,4,5,2,7,8,7,7,8,8,7,5,6,6,6,7,7,7,6,6,5,9,8,9,8,7,3
brueggemann,102,brueggemann_102,9,7,7,8,6,7,6,3,4,6,5,5,2,4,5,6,8,6,7,8,7,8,6,6,6,7,7,7,8,7,6,6,8,7,9,9,8,3
brueggemann,103,brueggemann_103,9,6,7,8,6,5,6,4,3,6,5,6,5,5,3,8,8,6,7,8,7,7,5,6,6,6,6,8,6,7,5,6,9,8,9,8,7,3
brueggemann,104,brueggemann_104,9,8,6,6,7,7,7,4,3,6,7,5,2,6,2,7,8,6,7,8,8,6,4,7,5,6,6,8,8,6,6,7,8,7,9,8,7,3
brueggemann,105,brueggemann_105,7,6,7,8,5,6,6,6,5,6,4,5,3,5,2,7,8,6,6,7,6,7,5,6,6,6,6,8,8,7,5,6,9,8,9,9,8,3
brueggemann,106,brueggemann_106,6,6,7,8,4,5,5,3,4,6,5,5,6,5,2,7,8,7,6,8,7,8,4,5,5,6,6,7,5,6,6,5,8,6,7,6,7,4
brueggemann,107,brueggemann_107,7,7,6,7,8,7,7,6,5,4,6,5,3,5,3,7,8,6,7,8,8,7,5,6,6,6,7,7,5,6,6,7,9,7,9,8,7,6
brueggemann,108,brueggemann_108,9,6,7,8,6,5,6,3,4,5,4,6,2,5,3,6,7,6,6,7,8,8,5,6,6,6,6,7,5,6,6,5,9,6,9,8,7,4
brueggemann,109,brueggemann_109,7,7,7,8,5,7,6,4,5,7,4,6,7,5,4,7,8,6,7,8,8,7,5,6,6,6,7,7,6,7,5,6,7,4,5,4,6,3
brueggemann,11,brueggemann_11,9,5,6,7,8,5,7,4,5,6,5,4,3,6,2,8,8,6,8,7,7,7,5,7,6,6,6,6,8,7,6,6,8,7,9,8,9,6
brueggemann,110,brueggemann_110,9,7,7,8,5,6,6,4,3,5,4,6,5,6,3,7,8,5,6,7,7,7,5,6,6,6,6,8,6,7,5,6,9,8,9,8,7,3
brueggemann,111,brueggemann_111,9,8,7,8,5,7,6,5,6,7,6,5,4,5,4,6,8,7,7,8,7,7,4,5,6,6,6,8,6,7,5,6,9,7,8,8,7,3
brueggemann,112,brueggemann_112,9,6,7,8,5,6,5,5,4,5,6,6,3,6,4,7,8,6,6,8,7,7,4,5,6,6,6,7,7,6,5,5,8,6,9,8,7,4
brueggemann,113,brueggemann_113,7,6,7,8,5,6,6,4,5,6,5,6,4,5,3,6,8,5,7,8,7,8,6,6,6,7,7,7,6,7,5,6,9,7,9,8,7,4
brueggemann,114,brueggemann_114,7,6,7,8,5,6,5,4,5,6,4,5,5,6,3,5,8,6,6,7,7,7,6,5,6,6,6,7,4,6,5,5,8,6,9,7,8,4
brueggemann,115,brueggemann_115,9,7,6,7,8,7,7,4,3,6,5,6,4,7,4,7,8,6,7,8,8,7,5,7,6,6,6,8,7,7,8,6,9,7,8,7,8,3
brueggemann,116,brueggemann_116,8,8,7,7,6,8,6,7,5,6,7,4,3,2,4,8,9,7,8,7,8,7,5,7,5,6,7,8,7,7,8,6,9,8,9,9,8,7
brueggemann,117,brueggemann_117,9,6,8,9,6,5,6,4,3,6,5,6,5,7,4,7,8,6,7,8,8,8,5,6,6,6,6,7,5,6,6,7,6,7,5,7,8,4
brueggemann,118,brueggemann_118,7,8,7,8,6,8,6,6,4,7,6,5,5,3,5,7,8,7,8,7,8,7,5,6,6,6,7,8,6,7,5,6,9,8,9,9,8,3
brueggemann,119,brueggemann_119,8,7,7,8,5,7,6,4,3,6,5,5,4,2,2,6,8,5,6,8,7,7,5,6,6,6,6,7,4,6,5,5,9,5,8,7,8,4
brueggemann,12,brueggemann_12,8,8,7,8,6,7,6,6,5,7,6,5,7,3,4,6,8,5,6,7,8,7,5,6,5,6,6,8,4,7,5,6,5,2,4,3,4,5
brueggemann,120,brueggemann_120,9,7,8,9,5,7,6,3,4,5,4,6,6,5,2,6,8,7,7,8,8,8,4,5,6,6,6,7,8,7,5,6,9,7,8,7,8,3
brueggemann,121,brueggemann_121,10,8,7,8,8,7,8,3,5,7,6,7,5,4,4,7,8,6,8,7,9,7,5,7,6,6,7,8,8,7,6,6,7,9,9,8,9,7
brueggemann,122,brueggemann_122,7,8,7,8,6,8,6,4,5,6,5,4,5,4,3,7,8,6,6,7,8,8,5,6,6,6,6,7,5,7,7,6,8,7,9,8,9,3
brueggemann,123,brueggemann_123,9,5,7,8,5,6,6,4,5,6,5,6,3,5,4,6,8,5,7,6,8,8,5,7,6,6,7,6,5,6,6,5,8,7,9,8,9,4
brueggemann,124,brueggemann_124,9,6,7,8,6,5,6,4,5,6,4,5,7,6,3,7,8,6,7,8,8,7,4,6,6,6,6,7,5,6,4,5,9,6,8,7,8,4
brueggemann,125,brueggemann_125,9,6,6,7,8,5,7,5,6,4,5,6,3,5,2,7,8,6,8,7,8,8,5,6,6,6,7,7,6,7,5,6,8,9,9,9,8,6
brueggemann,126,brueggemann_126,7,7,8,9,5,7,5,5,6,7,4,5,6,6,3,7,8,7,6,8,7,8,4,5,5,6,6,7,6,7,5,6,9,6,9,8,7,3
brueggemann,127,brueggemann_127,7,6,7,8,5,6,6,5,6,4,5,5,3,6,3,6,8,7,7,8,7,8,4,5,6,6,6,7,6,7,5,6,8,7,9,8,9,3
brueggemann,128,brueggemann_128,6,7,7,7,5,7,6,4,5,6,7,5,6,4,3,7,8,6,6,7,8,7,5,6,6,7,6,8,6,7,5,6,9,6,8,7,8,3
brueggemann,129,brueggemann_129,7,6,7,8,6,5,6,4,6,7,5,6,7,5,4,7,8,6,7,8,8,8,6,5,6,7,6,7,6,7,5,6,9,7,9,8,9,4
brueggemann,13,brueggemann_13,10,6,7,8,7,6,7,5,4,6,7,6,5,6,3,7,8,6,8,7,8,7,5,6,6,6,6,8,8,7,5,6,5,8,3,4,6,3
brueggemann,130,brueggemann_130,7,6,7,8,6,6,6,5,6,7,4,6,7,5,3,6,8,6,7,8,8,8,6,5,6,6,6,7,6,7,5,6,9,6,9,8,7,4
brueggemann,131,brueggemann_131,7,7,7,8,5,7,6,6,5,7,6,6,5,4,4,6,8,7,7,8,7,7,5,6,6,6,6,8,7,7,6,6,8,7,6,7,8,3
brueggemann,132,brueggemann_132,9,6,7,8,5,6,6,5,4,4,6,5,3,5,3,6,8,7,6,8,7,7,4,5,5,6,6,7,7,6,6,5,9,7,9,8,7,3
brueggemann,133,brueggemann_133,9,6,7,8,5,6,6,5,4,6,5,7,4,6,2,7,8,6,6,7,8,8,5,7,6,7,7,6,7,6,6,7,8,7,9,8,9,4
brueggemann,134,brueggemann_134,9,5,7,8,6,5,6,7,6,5,4,6,3,2,4,7,8,6,8,7,8,8,5,6,7,7,7,7,6,7,5,6,9,8,9,8,7,3
brueggemann,135,brueggemann_135,8,6,7,8,4,6,5,3,4,6,5,6,5,5,3,6,8,5,6,7,7,8,5,4,5,6,5,7,6,7,6,5,9,5,9,8,7,4
brueggemann,136,brueggemann_136,7,6,7,8,5,7,6,5,4,6,5,6,4,7,3,7,8,6,6,7,8,8,5,6,6,7,7,7,6,7,5,6,9,8,9,8,7,3
brueggemann,137,brueggemann_137,8,7,7,8,5,7,6,5,6,4,5,4,3,5,4,7,8,6,7,6,8,7,5,6,6,6,6,8,5,6,5,7,9,7,9,8,9,3
brueggemann,138,brueggemann_138,9,5,6,6,7,5,7,3,4,5,6,4,2,5,3,7,8,8,7,7,8,6,4,7,6,6,7,8,4,6,6,5,9,6,9,8,7,6
brueggemann,139,brueggemann_139,9,5,6,7,8,5,7,4,3,5,6,5,6,4,3,7,8,6,7,6,8,6,5,7,6,6,7,8,4,6,5,5,8,5,9,7,6,4
brueggemann,14,brueggemann_14,9,7,7,8,6,7,6,5,4,7,5,6,4,6,4,7,8,6,6,8,7,7,5,6,6,6,6,8,7,7,5,6,9,6,8,7,8,3
brueggemann,140,brueggemann_140,9,5,7,7,6,5,6,4,3,6,5,6,5,5,4,6,8,7,7,8,7,7,5,6,6,7,7,8,6,7,5,6,8,7,9,8,9,3
brueggemann,141,brueggemann_141,7,5,6,7,8,5,7,4,5,6,5,6,7,4,3,7,8,5,7,6,7,7,5,7,6,6,7,6,4,6,5,5,4,6,2,3,5,5
brueggemann,142,brueggemann_142,7,5,7,7,6,5,6,6,5,4,7,6,5,5,4,7,8,6,7,8,8,7,5,6,6,6,6,8,6,7,5,6,9,8,9,7,8,3
brueggemann,143,brueggemann_143,7,5,7,8,5,6,6,4,3,5,6,5,2,5,3,6,8,5,6,7,8,8,6,5,6,6,6,6,5,6,6,5,9,6,9,8,7,4
brueggemann,144,brueggemann_144,9,6,7,8,6,5,6,4,3,6,5,7,4,7,4,7,8,6,7,8,8,8,5,6,6,6,7,7,7,7,5,6,6,8,5,4,7,3
brueggemann,145,brueggemann_145,10,6,8,9,5,7,5,3,4,5,4,6,5,7,2,5,7,6,5,7,6,8,5,4,5,6,6,6,6,6,5,5,9,7,9,9,8,4
brueggemann,146,brueggemann_146,7,7,6,6,8,7,7,4,5,4,6,5,7,5,3,6,8,6,7,8,7,7,5,6,6,6,7,7,6,6,5,7,6,9,8,7,8,6
brueggemann,147,brueggemann_147,7,6,6,7,8,5,7,5,4,6,7,6,5,4,3,7,8,6,7,7,6,6,5,7,6,7,7,8,6,6,5,7,9,8,9,8,7,3
brueggemann,148,brueggemann_148,9,7,7,8,6,7,6,4,5,6,5,4,2,5,3,8,8,6,6,7,7,7,5,6,6,6,6,8,5,6,6,7,9,8,9,8,7,3
brueggemann,149,brueggemann_149,8,6,7,7,6,5,6,7,5,6,7,5,4,6,3,7,8,6,8,7,8,6,5,7,6,6,6,8,6,7,5,6,9,6,9,8,7,3
brueggemann,15,brueggemann_15,9,6,7,8,8,6,8,4,3,5,5,6,4,6,2,7,8,6,7,8,8,8,5,6,5,6,6,7,7,6,5,7,6,8,9,7,8,6
brueggemann,150,brueggemann_150,8,5,8,8,6,5,6,6,7,5,6,4,7,5,4,8,8,9,7,8,7,7,4,5,5,6,6,8,5,7,6,5,9,7,9,8,7,3
brueggemann,151,brueggemann_151,9,7,7,8,5,7,6,4,5,7,4,6,5,6,3,6,8,7,6,8,7,8,4,5,5,6,6,7,8,7,6,6,8,6,7,8,9,3
brueggemann,152,brueggemann_152,8,6,7,8,5,6,5,4,5,6,5,6,5,6,3,6,8,5,6,7,7,8,5,6,6,6,6,7,7,6,5,5,8,5,7,6,7,4
brueggemann,153,brueggemann_153,9,5,7,8,5,5,6,5,4,6,4,5,4,5,3,7,8,6,6,7,7,7,5,6,6,6,6,8,7,6,6,5,9,8,9,8,7,4
brueggemann,154,brueggemann_154,7,7,7,8,5,7,6,4,6,7,5,6,7,5,4,7,8,6,7,8,8,7,5,6,6,6,7,8,6,6,5,7,9,6,9,8,7,3
brueggemann,155,brueggemann_155,9,6,7,8,6,5,6,4,5,7,6,5,4,5,4,6,8,5,7,8,8,7,5,6,6,6,6,8,6,7,5,6,6,9,8,4,7,3
brueggemann,156,brueggemann_156,9,6,7,8,6,6,6,4,3,7,5,6,4,6,3,6,8,6,7,8,8,7,4,6,6,6,6,7,5,6,6,5,8,9,9,8,9,3
brueggemann,157,brueggemann_157,9,6,7,8,5,6,6,4,5,7,5,6,5,6,4,6,8,6,7,8,7,7,5,6,6,6,6,8,6,6,5,7,9,7,9,7,8,3
brueggemann,158,brueggemann_158,7,5,7,8,6,5,6,5,6,7,5,4,6,4,3,7,8,6,7,6,8,7,7,6,7,7,7,8,6,6,5,5,9,8,9,8,7,4
brueggemann,159,brueggemann_159,9,6,7,8,5,7,5,4,5,6,4,5,4,3,2,6,8,5,6,8,7,8,6,5,6,6,6,7,6,7,5,6,9,8,9,8,7,4
brueggemann,16,brueggemann_16,9,7,6,7,8,6,8,5,4,7,6,6,4,6,3,7,8,6,8,7,8,7,5,6,6,6,6,8,7,7,5,6,9,7,9,9,8,3
brueggemann,160,brueggemann_160,9,6,7,8,7,6,8,6,5,4,4,6,5,4,3,7,8,6,8,7,8,7,4,6,6,6,6,7,7,7,5,6,9,6,9,8,7,3
brueggemann,161,brueggemann_161,8,8,7,8,5,8,6,6,4,7,5,5,7,4,3,5,8,7,6,7,6,7,5,6,6,6,6,8,6,7,5,6,9,6,7,8,7,3
brueggemann,162,brueggemann_162,6,5,8,8,5,6,6,6,5,7,4,5,7,3,4,8,8,7,7,8,7,7,5,6,6,6,6,8,6,7,5,6,7,3,8,4,6,3
brueggemann,163,brueggemann_163,7,6,7,8,5,6,6,4,5,7,5,6,7,4,3,5,8,6,6,7,6,8,4,5,5,6,5,7,6,7,5,6,7,6,5,4,6,4
brueggemann,164,brueggemann_164,7,5,7,8,5,4,6,4,5,6,5,6,7,3,4,6,8,5,7,8,7,7,5,6,6,6,6,8,6,7,5,6,9,9,8,7,8,4
brueggemann,165,brueggemann_165,9,6,7,8,5,6,6,5,6,4,5,6,7,4,5,8,7,6,6,7,7,8,5,6,6,7,7,7,6,7,5,6,7,6,5,4,6,4
brueggemann,166,brueggemann_166,7,6,7,8,7,6,8,7,5,7,6,6,7,4,3,7,8,6,8,7,8,7,4,6,6,6,6,8,5,6,6,7,7,3,5,4,6,5
brueggemann,167,brueggemann_167,7,6,8,8,4,6,5,4,5,6,5,6,7,5,4,7,8,8,6,8,7,8,5,4,5,6,6,7,7,7,5,6,9,5,7,8,6,4
brueggemann,168,brueggemann_168,6,6,7,8,5,6,5,4,3,5,4,6,5,4,2,7,8,6,6,8,7,8,4,5,5,6,6,7,6,6,5,7,9,8,9,8,7,4
brueggemann,169,brueggemann_169,6,7,7,8,5,7,6,5,4,5,6,6,4,6,5,8,8,6,7,7,8,7,5,7,6,6,6,8,7,6,6,5,9,8,9,8,7,3
brueggemann,17,brueggemann_17,9,7,8,9,5,7,6,6,7,5,8,6,8,3,5,7,8,8,8,7,8,7,4,5,4,5,5,8,4,7,5,6,4,1,2,2,3,5
brueggemann,170,brueggemann_170,7,6,6,8,7,6,7,4,3,6,5,6,4,5,3,7,8,6,6,8,8,7,5,6,6,6,7,7,6,6,5,7,7,8,9,8,9,3
brueggemann,171,brueggemann_171,8,7,7,8,6,7,6,4,3,5,6,5,2,4,3,7,8,6,7,8,8,7,5,6,5,6,6,8,6,7,5,6,9,7,9,8,9,3
brueggemann,172,brueggemann_172,9,7,6,6,8,7,8,4,3,6,5,7,5,6,4,7,8,6,7,8,8,6,5,7,6,6,7,8,8,6,5,7,3,8,6,4,5,5
brueggemann,173,brueggemann_173,9,8,7,8,6,8,6,4,5,7,6,6,5,6,5,8,9,6,7,8,8,7,5,6,6,6,6,8,8,7,5,6,9,8,9,8,7,3
brueggemann,174,brueggemann_174,6,7,7,8,5,7,6,4,6,5,5,6,4,7,4,6,8,7,7,8,8,8,5,6,5,6,6,7,6,7,5,6,7,4,5,4,6,4
brueggemann,175,brueggemann_175,7,6,7,7,8,6,8,6,7,6,7,5,8,4,5,7,8,5,7,6,8,7,5,7,6,6,6,8,6,7,5,6,8,5,7,4,6,5
brueggemann,176,brueggemann_176,7,6,5,6,5,6,6,3,4,5,4,4,3,5,2,6,8,5,6,7,7,6,4,5,5,6,6,6,6,6,5,7,7,5,6,4,3,4
brueggemann,177,brueggemann_177,7,5,5,6,4,4,6,4,5,6,5,3,4,2,2,7,8,6,7,6,8,6,4,5,6,6,6,7,4,6,5,5,8,6,9,7,5,4
brueggemann,178,brueggemann_178,7,8,7,7,6,8,6,6,5,8,6,7,7,5,4,8,9,6,7,8,8,6,5,7,6,6,6,8,6,7,5,6,9,7,9,8,9,3
brueggemann,179,brueggemann_179,9,7,8,7,6,8,6,4,6,7,5,4,3,5,6,8,9,6,7,8,8,7,5,6,6,6,6,8,7,7,5,6,9,8,9,8,9,3
brueggemann,18,brueggemann_18,7,8,7,8,6,7,6,4,5,6,5,4,3,2,4,7,8,6,7,8,8,7,5,6,6,6,7,8,5,7,7,6,8,9,7,8,9,3
brueggemann,180,brueggemann_180,9,8,7,8,6,8,6,5,4,7,6,6,3,5,3,7,8,6,7,8,8,6,5,8,6,6,7,7,5,6,6,7,8,7,9,9,8,3
brueggemann,19,brueggemann_19,5,6,7,8,7,5,8,7,5,4,6,5,8,3,6,7,8,7,8,7,8,7,4,7,5,6,6,8,4,7,5,6,9,6,7,8,7,3
brueggemann,20,brueggemann_20,7,6,7,8,8,6,8,6,5,6,7,4,5,3,4,8,8,6,7,8,7,7,5,6,6,6,6,7,6,7,5,6,9,8,9,8,7,3
brueggemann,21,brueggemann_21,9,7,7,8,5,6,6,7,6,7,8,6,5,4,5,8,9,7,8,7,8,8,5,6,6,6,6,8,8,7,5,6,7,5,8,4,6,3
brueggemann,22,brueggemann_22,7,6,7,8,9,6,8,6,4,7,6,5,8,4,3,7,8,6,8,7,7,6,5,8,6,6,7,7,6,7,5,6,5,4,2,3,4,5
brueggemann,23,brueggemann_23,6,5,7,8,6,5,6,5,6,4,7,5,3,4,4,7,8,6,7,8,6,7,5,6,6,6,6,8,6,7,5,6,5,4,3,4,6,4
brueggemann,24,brueggemann_24,6,7,6,7,9,7,8,5,3,6,4,5,6,4,3,7,8,6,8,7,8,6,7,6,7,7,7,7,5,6,6,7,8,9,8,7,8,6
brueggemann,25,brueggemann_25,7,6,7,8,5,6,6,7,5,6,7,4,5,4,3,6,8,7,7,8,7,6,7,7,6,7,7,8,6,7,5,6,6,5,4,3,4,3
brueggemann,26,brueggemann_26,7,6,6,7,8,6,7,3,4,4,5,6,7,5,2,7,8,6,8,7,8,7,5,6,6,6,6,7,7,6,5,5,5,7,3,4,6,2
brueggemann,27,brueggemann_27,9,7,7,7,9,7,8,5,6,4,7,6,3,5,4,7,8,6,8,7,8,7,4,6,6,6,6,8,8,6,7,7,7,8,7,8,9,6
brueggemann,28,brueggemann_28,9,7,7,8,5,7,6,4,5,6,5,6,4,7,3,7,8,7,7,8,8,8,4,5,5,6,6,7,7,7,5,6,9,8,9,8,7,3
brueggemann,29,brueggemann_29,7,8,7,8,6,7,6,4,5,7,6,5,4,5,5,6,8,7,7,8,7,8,5,6,6,6,6,7,6,7,5,6,9,7,8,7,8,3
brueggemann,30,brueggemann_30,9,6,7,8,8,6,8,6,5,4,7,6,5,7,3,7,8,7,8,7,9,8,4,6,6,6,6,8,8,8,6,7,9,6,9,8,7,7
brueggemann,31,brueggemann_31,7,6,7,8,6,5,6,5,4,5,6,4,3,6,2,7,8,6,7,8,8,7,5,6,6,6,6,7,7,6,5,7,9,6,9,8,7,3
brueggemann,32,brueggemann_32,8,6,7,8,5,6,6,5,6,4,7,5,6,4,4,6,8,5,6,7,8,8,4,5,6,6,6,7,4,6,5,5,9,6,9,8,7,4
brueggemann,33,brueggemann_33,9,6,7,8,4,6,5,5,4,5,6,4,5,6,3,8,9,7,6,8,7,7,5,6,6,6,6,8,5,7,6,6,9,8,9,8,7,3
brueggemann,34,brueggemann_34,9,7,8,8,5,6,6,7,6,5,7,4,8,3,4,8,8,7,7,8,7,7,4,6,6,6,6,8,4,7,5,6,8,5,9,7,4,3
brueggemann,35,brueggemann_35,9,8,7,8,6,7,6,4,5,6,5,4,6,5,4,7,8,6,8,7,8,7,5,6,6,6,6,8,5,7,8,6,8,9,9,8,9,3
brueggemann,36,brueggemann_36,7,6,7,8,6,6,6,4,5,4,6,5,3,5,4,8,8,6,7,8,7,7,5,7,6,6,6,6,5,6,6,5,8,6,7,8,9,4
brueggemann,37,brueggemann_37,9,6,7,8,5,6,6,6,4,5,7,6,4,7,3,7,8,6,6,8,8,7,5,6,6,6,6,7,6,6,7,5,8,7,9,9,8,3
brueggemann,38,brueggemann_38,7,7,6,7,8,6,8,5,6,7,4,6,3,5,4,7,8,6,8,7,8,7,5,7,6,6,7,8,6,7,5,6,8,7,9,8,9,6
brueggemann,39,brueggemann_39,7,6,8,8,5,6,6,5,6,4,5,4,7,4,3,8,8,6,7,8,7,7,5,6,6,6,6,8,7,8,5,6,9,6,9,8,7,3
brueggemann,40,brueggemann_40,9,6,7,8,6,5,6,4,5,6,5,7,6,6,4,6,8,7,7,8,7,7,5,6,6,6,6,8,6,7,5,6,7,8,7,6,8,3
brueggemann,41,brueggemann_41,7,8,7,8,6,7,6,4,3,6,5,4,5,4,5,7,8,6,7,8,7,6,5,7,6,6,7,6,5,6,7,7,9,8,8,8,9,3
brueggemann,42,brueggemann_42,9,6,8,9,7,5,6,2,3,6,4,5,7,6,5,5,8,6,6,7,8,8,4,5,5,6,6,7,6,7,5,6,5,4,3,4,6,4
brueggemann,43,brueggemann_43,7,6,7,8,6,5,6,6,5,6,7,5,3,4,4,6,8,5,7,8,7,7,5,7,6,7,7,8,5,7,6,6,7,9,8,9,8,3
brueggemann,44,brueggemann_44,9,5,8,8,6,5,6,5,6,7,6,5,7,4,5,7,8,6,8,7,8,7,5,7,6,6,6,8,6,7,5,6,9,7,9,8,7,3
brueggemann,45,brueggemann_45,9,5,7,8,6,5,6,5,4,4,6,5,3,6,3,6,8,5,6,7,8,7,5,6,5,6,6,8,7,6,4,5,4,5,2,3,4,4
brueggemann,46,brueggemann_46,7,7,7,8,5,7,6,4,3,6,2,5,4,3,4,6,8,6,7,8,7,7,5,6,6,6,6,8,5,6,6,7,9,8,9,8,7,3
brueggemann,47,brueggemann_47,7,5,7,8,6,5,6,6,7,5,6,5,7,6,4,7,8,6,7,8,8,7,4,5,5,6,6,8,6,7,5,6,7,4,6,4,5,4
brueggemann,48,brueggemann_48,8,8,7,8,6,7,6,6,5,7,4,6,7,5,4,7,8,6,7,8,8,7,4,6,6,6,6,8,6,7,5,6,9,6,9,8,7,3
brueggemann,49,brueggemann_49,6,6,7,8,5,6,6,6,5,6,7,4,3,4,4,6,8,7,7,8,7,8,4,5,6,6,6,7,5,6,6,5,9,8,9,8,7,4
brueggemann,50,brueggemann_50,10,7,6,8,9,7,8,3,5,6,7,6,4,5,6,7,8,6,8,7,9,8,4,7,6,6,6,6,6,7,6,8,6,8,5,4,7,6
brueggemann,51,brueggemann_51,9,5,6,8,7,5,7,5,4,6,7,5,4,6,3,7,8,6,7,8,7,8,5,6,6,7,7,7,6,7,5,6,6,8,9,7,8,3
brueggemann,52,brueggemann_52,7,5,6,8,7,5,7,4,3,5,6,4,2,6,4,6,8,6,7,8,8,8,5,7,6,6,6,6,7,6,5,5,6,6,5,4,7,4
brueggemann,53,brueggemann_53,7,5,6,7,8,5,8,5,4,6,7,5,4,6,3,7,8,7,8,7,8,6,5,8,6,6,7,7,5,6,6,7,9,8,9,8,7,7
brueggemann,54,brueggemann_54,9,5,7,8,6,5,6,4,6,5,4,5,3,6,4,7,8,6,8,7,8,7,5,6,6,6,6,8,6,7,5,6,8,9,7,7,8,3
brueggemann,55,brueggemann_55,9,6,7,8,8,6,8,6,5,7,6,7,5,6,4,7,8,6,8,7,8,7,5,6,6,6,7,8,6,7,5,6,7,9,8,9,8,7
brueggemann,56,brueggemann_56,7,7,6,7,8,6,7,3,4,6,5,5,4,6,3,7,8,6,8,7,8,8,5,6,6,6,6,7,5,7,6,6,9,6,9,8,7,6
brueggemann,57,brueggemann_57,8,8,7,8,6,7,6,7,6,5,6,7,6,4,5,7,8,6,7,8,8,7,5,6,6,6,6,8,6,8,7,6,9,7,8,7,8,3
brueggemann,58,brueggemann_58,7,6,7,8,5,6,5,4,5,7,6,6,7,5,4,7,8,6,6,8,7,7,5,6,6,6,6,8,6,7,5,6,7,6,5,4,6,4
brueggemann,59,brueggemann_59,9,5,7,8,6,5,6,4,5,6,5,7,6,6,4,7,8,6,7,8,8,7,6,6,6,7,7,8,6,7,5,6,9,6,8,7,8,3
brueggemann,60,brueggemann_60,9,6,7,8,5,6,6,5,6,4,5,6,3,5,4,6,8,7,7,8,7,8,5,6,5,6,6,7,5,7,6,6,9,7,8,9,8,3
brueggemann,61,brueggemann_61,9,6,7,7,6,5,6,4,5,6,5,6,3,6,4,7,8,6,7,8,7,7,5,7,6,6,7,6,5,6,6,5,7,8,9,9,8,4
brueggemann,62,brueggemann_62,7,7,7,8,6,7,6,4,5,6,5,6,4,3,2,7,8,6,7,8,8,8,4,5,6,6,6,7,7,7,5,6,9,8,9,8,7,3
brueggemann,63,brueggemann_63,7,7,6,6,5,7,5,4,3,7,5,5,6,4,4,5,8,7,6,7,6,7,4,5,5,5,5,8,6,6,5,7,9,6,9,8,7,3
brueggemann,64,brueggemann_64,7,7,7,8,5,7,6,6,5,4,7,5,4,3,3,7,8,6,7,8,8,7,5,7,6,6,6,8,4,6,5,5,9,6,9,7,8,3
brueggemann,65,brueggemann_65,9,6,7,8,8,6,8,4,3,6,5,7,4,6,2,8,8,6,7,8,7,7,5,6,6,6,6,8,8,7,6,6,8,7,7,8,9,3
brueggemann,66,brueggemann_66,9,6,7,7,8,6,8,5,6,4,7,6,5,5,3,6,8,7,8,7,7,8,5,6,6,7,7,7,8,7,5,6,9,7,8,7,8,7
brueggemann,67,brueggemann_67,9,6,7,8,8,5,8,5,6,5,7,6,4,5,4,8,9,7,8,8,7,7,5,6,6,6,6,8,8,7,5,6,9,8,9,9,8,3
brueggemann,68,brueggemann_68,6,7,7,8,6,7,6,5,4,6,6,5,4,5,3,7,8,6,7,8,8,7,5,6,6,6,6,8,6,7,5,6,9,7,8,8,7,3
brueggemann,69,brueggemann_69,9,6,7,8,9,6,8,5,4,6,7,5,6,5,3,7,8,6,8,7,8,7,5,6,6,7,7,8,6,6,5,7,9,9,9,7,8,7
brueggemann,70,brueggemann_70,9,5,7,8,6,5,6,6,5,4,6,5,3,5,4,5,8,7,6,7,6,8,5,6,6,6,6,7,5,6,6,5,7,8,9,8,9,4
brueggemann,71,brueggemann_71,9,6,7,8,5,6,6,5,4,5,6,4,4,6,3,5,8,6,6,7,7,7,4,5,6,6,6,7,5,6,6,7,8,8,9,8,9,4
brueggemann,72,brueggemann_72,9,6,7,7,8,6,8,6,4,5,7,6,7,6,5,8,8,7,7,8,7,7,5,7,6,6,6,8,7,6,5,7,9,6,9,8,7,7
brueggemann,73,brueggemann_73,9,6,7,8,5,6,6,4,5,6,4,5,5,6,4,7,8,6,6,7,7,8,5,5,6,6,6,7,7,7,5,6,9,8,9,8,7,3
brueggemann,74,brueggemann_74,9,7,7,8,5,7,6,5,4,6,5,6,3,4,3,5,7,6,6,7,6,7,5,6,6,6,6,7,6,7,5,6,9,8,9,8,9,3
brueggemann,75,brueggemann_75,7,5,7,8,6,5,6,4,5,6,3,7,5,6,4,7,8,6,6,7,8,7,5,6,6,6,6,8,5,7,6,6,8,7,9,7,8,4
brueggemann,76,brueggemann_76,9,8,7,8,5,8,6,5,4,6,5,6,7,5,3,7,8,7,6,7,8,7,4,5,6,6,6,7,5,6,6,7,9,8,9,8,7,3
brueggemann,77,brueggemann_77,7,7,7,8,5,7,6,4,5,6,7,4,6,5,3,6,8,7,6,8,7,7,4,5,5,6,6,7,4,6,5,7,9,4,8,7,8,3
brueggemann,78,brueggemann_78,7,6,7,8,5,6,5,3,4,6,5,5,7,4,3,6,8,6,6,7,8,7,4,5,6,6,6,7,4,6,6,5,9,6,8,7,8,4
brueggemann,79,brueggemann_79,9,6,7,8,6,7,6,4,5,6,4,6,5,4,2,6,8,5,7,6,7,7,5,6,6,7,7,7,5,6,6,7,6,6,5,7,4,4
brueggemann,80,brueggemann_80,9,7,6,6,8,7,8,6,5,7,6,5,4,5,4,8,7,6,8,7,8,6,5,7,6,6,6,8,8,6,5,7,7,8,9,8,9,7
brueggemann,81,brueggemann_81,8,5,7,8,6,5,6,4,5,6,5,4,3,6,4,6,8,7,7,8,7,8,4,5,6,6,6,7,7,6,6,5,8,7,9,9,8,4
brueggemann,82,brueggemann_82,7,6,6,7,7,5,7,4,3,6,4,5,7,5,2,7,8,6,6,7,7,7,4,5,6,6,6,7,7,6,5,5,7,7,5,6,8,4
brueggemann,83,brueggemann_83,9,6,7,8,5,6,6,4,5,6,5,6,4,6,4,7,8,6,7,6,8,8,5,6,6,7,7,7,7,7,6,6,8,8,9,9,8,4
brueggemann,84,brueggemann_84,6,5,6,7,8,5,7,4,5,6,7,6,5,3,4,7,8,6,7,8,8,7,5,7,6,6,6,8,5,6,6,7,6,8,5,4,7,2
brueggemann,85,brueggemann_85,7,6,6,7,4,5,5,6,5,4,6,5,7,6,3,7,8,6,6,7,8,7,5,6,6,6,7,8,5,6,6,5,8,7,9,8,7,4
brueggemann,86,brueggemann_86,9,6,7,8,5,6,5,3,5,4,4,5,4,6,2,6,8,5,7,6,8,8,5,4,5,6,6,6,7,7,5,6,9,6,9,8,7,4
brueggemann,87,brueggemann_87,7,6,7,8,5,7,6,4,5,6,5,6,4,6,3,7,8,6,6,7,8,8,6,5,5,6,6,7,5,6,7,5,9,6,8,7,8,4
brueggemann,88,brueggemann_88,9,6,6,7,8,6,7,4,5,6,7,5,6,6,3,6,8,7,7,6,8,6,5,6,6,6,6,7,5,6,6,5,8,8,9,8,7,3
brueggemann,89,brueggemann_89,9,6,7,8,8,6,8,5,4,6,7,6,5,6,4,7,8,8,7,8,8,7,5,7,6,7,7,6,8,7,6,6,9,6,9,8,7,7
brueggemann,90,brueggemann_90,7,7,7,8,5,7,6,5,4,6,5,4,2,3,4,6,8,7,6,8,7,7,5,6,6,6,6,7,5,6,7,5,9,7,9,9,8,3
brueggemann,91,brueggemann_91,9,5,6,7,4,5,5,4,5,3,6,4,2,5,2,6,8,5,6,7,7,8,4,5,6,6,6,7,4,6,5,5,9,8,9,8,7,4
brueggemann,92,brueggemann_92,7,5,6,7,6,5,7,5,4,7,4,6,6,5,3,7,8,6,6,7,8,7,6,5,6,6,6,8,4,6,5,7,9,8,9,8,7,3
brueggemann,93,brueggemann_93,9,6,7,8,5,6,6,3,4,6,5,7,4,5,2,6,8,6,7,8,7,7,4,5,5,6,6,7,8,7,6,6,8,7,9,8,9,3
brueggemann,94,brueggemann_94,9,7,6,7,8,7,7,4,3,6,5,6,4,7,2,7,8,6,6,7,8,7,5,6,6,6,6,8,6,6,5,7,9,7,8,7,8,3
brueggemann,95,brueggemann_95,9,7,6,6,8,7,7,4,5,7,6,5,4,6,3,7,8,6,7,8,8,6,5,7,6,6,6,8,6,6,5,7,9,6,8,8,7,3
brueggemann,96,brueggemann_96,7,5,7,7,5,4,6,4,5,4,5,6,3,5,2,5,8,6,6,7,7,8,4,5,5,6,5,7,5,6,6,5,7,4,5,4,6,4
brueggemann,97,brueggemann_97,7,5,6,7,7,5,7,6,4,7,5,6,5,6,3,7,8,6,6,7,7,7,5,6,5,6,6,8,6,6,4,5,9,8,9,7,8,3
brueggemann,98,brueggemann_98,9,5,7,8,6,5,6,4,5,3,4,5,2,6,2,5,7,5,7,6,7,8,4,6,6,6,6,5,8,7,6,6,7,8,9,9,8,4
brueggemann,99,brueggemann_99,9,6,7,8,5,5,6,6,5,4,4,5,3,2,3,5,8,5,7,6,6,8,4,5,5,6,6,7,6,7,6,5,7,8,9,8,9,4
hervormd,11jan2026_01,hervormd_11jan2026_01,9,7,6,8,5,7,5,6,5,4,6,5,3,7,4,7,7,6,6,7,6,7,4,5,5,6,6,7,8,6,7,5,7,7,9,9,8,3
hervormd,11jan2026_02,hervormd_11jan2026_02,8,7,6,6,8,7,7,5,6,4,5,6,4,7,7,6,7,5,6,6,5,7,5,7,6,6,6,6,5,6,6,5,5,6,5,4,6,8
hervormd,11jan2026_03,hervormd_11jan2026_03,9,7,6,8,5,7,5,6,5,4,5,7,6,7,8,6,7,4,5,6,5,8,6,6,5,6,6,5,7,6,6,5,5,4,3,4,7,8
hervormd,11jan2026_04,hervormd_11jan2026_04,9,6,5,6,8,6,7,4,3,6,5,7,4,6,5,6,7,4,6,5,5,5,4,7,6,6,6,6,7,5,6,6,6,5,8,7,8,8
hervormd,11jan2026_05,hervormd_11jan2026_05,6,6,5,7,5,6,6,5,6,4,5,6,4,7,5,6,7,5,5,6,5,7,6,5,6,6,6,6,4,6,5,5,5,2,3,4,6,8
hervormd,11jan2026_06,hervormd_11jan2026_06,8,6,5,7,5,6,6,5,4,6,5,6,7,7,5,5,7,4,6,5,6,7,5,7,6,6,6,6,7,6,6,5,5,4,3,4,6,8
hervormd,11jan2026_07,hervormd_11jan2026_07,8,6,5,7,8,6,7,4,5,5,6,7,7,7,8,5,6,4,5,4,6,7,4,6,5,6,6,5,5,6,4,5,3,5,2,2,4,8
hervormd,11jan2026_08,hervormd_11jan2026_08,8,6,5,6,7,6,6,4,3,5,6,5,4,6,3,5,6,4,5,6,6,6,7,6,6,6,6,5,5,5,6,6,3,5,3,4,7,8
hervormd,11jan2026_09,hervormd_11jan2026_09,7,7,6,8,5,7,5,5,4,6,5,6,4,7,7,5,7,4,5,6,4,7,4,6,5,6,6,5,6,6,5,5,8,4,5,6,7,4
hervormd,11jan2026_10,hervormd_11jan2026_10,9,7,6,8,5,7,5,5,6,4,5,6,3,7,5,5,6,4,5,6,4,7,5,6,6,6,6,7,5,6,6,5,7,4,8,8,9,4
hervormd,11jan2026_11,hervormd_11jan2026_11,9,5,6,8,7,5,7,6,5,4,6,7,7,7,8,6,7,5,7,6,5,7,5,7,6,6,6,6,8,6,7,5,5,4,3,4,6,8
hervormd,11jan2026_12,hervormd_11jan2026_12,6,7,5,7,6,7,6,4,5,3,4,6,5,7,8,5,5,4,5,4,5,8,4,6,5,6,6,5,6,6,5,5,4,2,2,3,4,8
hervormd,11jan2026_13,hervormd_11jan2026_13,6,7,5,6,6,7,6,4,5,6,5,4,3,6,7,6,7,4,5,6,5,6,5,7,6,6,6,6,5,6,6,5,5,4,3,4,6,8
hervormd,11jan2026_14,hervormd_11jan2026_14,9,7,5,7,6,7,6,6,5,4,6,7,5,7,5,7,8,6,6,7,5,7,4,5,5,6,6,6,7,6,6,5,6,5,7,8,7,4
hervormd,11jan2026_15,hervormd_11jan2026_15,6,6,5,6,8,5,7,4,5,6,5,6,5,7,5,7,7,5,6,5,6,6,5,7,6,6,6,6,5,6,6,5,5,3,2,3,4,8
hervormd,11jan2026_16,hervormd_11jan2026_16,9,7,6,7,8,7,7,6,4,5,7,6,5,8,5,6,7,4,6,5,5,6,5,6,5,6,6,7,5,6,6,7,5,4,3,4,6,8
hervormd,11jan2026_17,hervormd_11jan2026_17,6,6,6,7,5,6,5,5,6,4,5,6,3,5,5,5,6,4,5,6,4,7,5,5,6,6,6,6,5,6,6,5,8,5,7,6,7,4
hervormd,11jan2026_18,hervormd_11jan2026_18,9,7,6,6,8,7,7,6,5,6,7,6,4,7,5,7,6,8,7,6,7,7,5,6,6,6,6,8,5,6,6,7,9,7,9,8,7,3
hervormd,11jan2026_19,hervormd_11jan2026_19,9,5,6,7,4,5,4,4,5,3,4,5,2,6,4,5,5,4,4,5,4,7,4,4,5,5,5,5,5,6,6,5,8,5,9,9,8,1
hervormd,11jan2026_20,hervormd_11jan2026_20,9,7,5,6,7,8,6,4,3,5,6,6,2,7,4,6,7,5,5,6,5,7,5,7,6,6,6,6,7,6,6,7,7,6,7,8,9,8
hervormd,11jan2026_21,hervormd_11jan2026_21,9,6,5,7,8,5,7,6,5,6,5,7,4,7,8,6,7,4,6,5,4,7,4,6,5,6,6,5,7,6,6,5,5,4,4,6,7,8
hervormd,11jan2026_22,hervormd_11jan2026_22,9,6,6,8,5,6,5,5,6,4,5,5,3,6,4,6,7,5,6,5,5,7,5,6,6,6,6,7,7,6,6,5,8,7,9,9,8,4
hervormd,11jan2026_23,hervormd_11jan2026_23,7,7,5,7,6,8,6,5,4,6,5,6,7,6,4,5,6,4,5,4,4,7,6,6,5,6,5,5,5,6,6,5,5,4,3,4,6,8
hervormd,11jan2026_24,hervormd_11jan2026_24,8,7,6,7,6,7,6,6,7,4,5,6,3,6,8,5,7,6,6,7,6,7,4,5,6,6,6,7,5,6,6,5,6,5,7,8,7,4
hervormd,11jan2026_25,hervormd_11jan2026_25,7,7,6,7,5,7,5,5,6,4,5,6,3,7,8,5,7,6,5,6,6,6,5,6,6,6,6,7,7,6,6,5,6,7,8,7,8,4
hervormd,11jan2026_26,hervormd_11jan2026_26,6,7,5,6,6,8,6,5,4,6,7,5,4,6,8,6,7,5,5,4,5,6,5,7,6,6,6,6,6,6,5,5,5,4,5,4,6,8
hervormd,11jan2026_27,hervormd_11jan2026_27,9,7,5,7,6,7,6,5,6,4,5,6,4,7,8,6,7,5,5,6,4,7,4,6,5,6,6,5,6,6,5,5,6,7,9,8,7,8
hervormd,11jan2026_28,hervormd_11jan2026_28,9,6,6,8,5,6,5,5,4,3,5,6,6,7,4,4,5,4,5,6,5,7,4,5,5,5,6,6,5,6,6,5,5,6,4,6,7,1
hervormd,11jan2026_29,hervormd_11jan2026_29,9,6,6,7,7,6,7,6,5,6,7,8,7,7,7,6,5,4,6,5,7,7,5,6,6,7,7,7,7,6,4,5,2,3,2,3,4,5
hervormd,11jan2026_30,hervormd_11jan2026_30,8,7,6,7,6,7,6,6,7,4,5,6,4,6,8,7,6,5,6,5,6,7,5,7,6,6,6,6,6,6,7,5,7,6,8,9,8,8
hervormd,11jan2026_31,hervormd_11jan2026_31,9,7,6,7,8,7,7,6,5,4,6,7,7,6,8,7,6,5,7,5,6,6,4,7,5,6,6,6,6,6,5,7,5,7,5,4,6,8
hervormd,11jan2026_32,hervormd_11jan2026_32,8,6,5,8,5,6,6,5,4,4,5,6,3,6,4,5,6,4,5,4,5,7,4,5,5,6,6,6,6,6,5,5,3,2,3,4,5,1
hervormd,11jan2026_33,hervormd_11jan2026_33,8,6,5,8,4,6,4,4,5,3,4,5,4,6,7,5,6,4,5,4,5,7,5,6,6,6,6,5,4,6,5,5,5,6,4,7,8,8
hervormd,11jan2026_34,hervormd_11jan2026_34,9,7,6,8,5,7,5,6,7,4,5,5,4,7,7,4,6,4,5,6,5,7,4,5,5,6,6,6,7,6,6,5,7,5,9,8,7,4
hervormd,11jan2026_35,hervormd_11jan2026_35,9,6,5,6,7,5,6,5,6,4,5,5,3,6,5,5,7,4,6,5,6,7,4,6,5,6,6,5,6,6,7,5,7,6,9,9,8,8
hervormd,11jan2026_36,hervormd_11jan2026_36,8,6,5,7,6,6,6,5,6,4,7,6,5,7,8,5,6,4,5,4,5,7,6,5,5,5,5,4,4,6,5,5,3,5,3,4,6,8
hervormd,11jan2026_37,hervormd_11jan2026_37,8,6,6,8,5,6,5,6,5,6,7,5,4,6,8,6,7,6,5,6,5,7,5,6,6,6,6,7,7,6,6,5,6,4,5,4,7,4
hervormd,11jan2026_38,hervormd_11jan2026_38,7,6,6,8,5,6,5,5,6,4,5,6,5,6,7,6,6,5,5,5,4,6,5,7,6,6,6,6,5,6,6,5,5,3,5,4,6,8
hervormd,11jan2026_39,hervormd_11jan2026_39,6,6,5,6,8,6,7,4,3,5,4,5,2,6,3,6,6,5,5,4,5,5,6,7,6,6,6,6,5,5,7,6,6,8,9,8,7,8
hervormd,11jan2026_40,hervormd_11jan2026_40,9,6,7,8,5,6,5,6,5,4,5,6,5,7,7,4,6,5,5,6,4,7,6,5,5,6,6,6,6,6,5,5,5,3,4,6,7,4
hervormd,11jan2026_41,hervormd_11jan2026_41,7,6,5,5,7,6,7,5,4,7,5,6,4,5,7,6,7,5,6,5,4,6,8,7,6,7,7,6,4,5,7,6,9,7,9,8,9,8
hervormd,11jan2026_42,hervormd_11jan2026_42,6,6,5,7,8,6,7,5,6,4,5,7,7,6,7,5,7,4,6,5,6,7,6,6,5,6,6,5,6,6,5,7,3,1,2,2,4,8
hervormd,11jan2026_43,hervormd_11jan2026_43,9,7,6,7,8,7,7,4,5,6,6,7,7,5,7,7,6,5,6,5,4,7,4,6,6,6,6,7,5,6,6,7,4,3,2,2,3,5
hervormd,11jan2026_44,hervormd_11jan2026_44,8,6,5,7,8,6,7,5,4,4,5,6,4,7,5,6,7,5,6,5,6,6,5,7,6,6,6,6,5,6,6,7,5,6,3,4,7,8
hervormd,11jan2026_45,hervormd_11jan2026_45,6,7,5,6,8,7,8,5,4,6,7,6,7,7,8,6,7,4,6,5,7,5,4,7,5,6,6,6,4,5,6,7,2,4,1,2,3,8
hervormd,11jan2026_46,hervormd_11jan2026_46,6,6,5,6,8,6,7,6,5,4,6,5,3,5,4,6,7,5,6,5,4,7,5,7,6,6,7,6,5,6,6,7,5,2,3,4,6,8
hervormd,11jan2026_47,hervormd_11jan2026_47,9,6,6,8,5,6,5,5,6,4,5,6,3,7,2,5,6,4,4,5,5,7,6,5,6,6,6,7,7,6,6,5,7,6,9,7,8,4
keller,01,keller_01,10,7,8,9,6,7,6,6,5,7,7,6,4,8,7,7,8,5,6,8,6,7,5,6,6,6,7,8,8,7,6,6,9,7,9,8,9,9
keller,02,keller_02,9,7,8,9,7,7,7,6,7,7,5,7,6,8,8,7,8,6,7,8,6,8,5,7,6,7,7,8,8,8,6,7,9,7,9,8,9,9
keller,03,keller_03,9,6,8,9,6,7,6,6,7,5,6,7,4,7,8,7,8,6,7,8,6,8,5,6,6,7,7,7,7,7,6,6,9,6,8,7,8,9
keller,04,keller_04,7,7,8,8,7,6,6,6,5,7,6,7,4,7,8,7,8,6,7,8,6,7,6,6,6,7,7,8,8,7,6,6,8,4,7,8,9,9
keller,05,keller_05,8,7,7,8,5,7,6,6,5,7,6,7,4,8,8,6,8,5,7,8,6,8,7,6,6,7,7,7,7,7,6,8,7,6,5,4,6,9
keller,06,keller_06,7,6,7,8,5,6,6,4,5,7,5,7,4,6,8,7,8,5,7,8,6,7,5,6,6,7,6,8,8,7,6,6,9,4,6,7,8,9
keller,08,keller_08,9,7,8,8,7,7,7,5,6,7,6,7,8,7,8,7,8,6,6,8,5,8,6,7,6,7,7,8,8,8,6,7,8,6,5,4,7,9
keller,09,keller_09,9,7,8,9,6,7,6,6,5,7,6,7,5,8,8,7,8,6,6,8,5,7,5,6,6,6,6,8,8,7,7,6,9,6,8,7,8,9
keller,10,keller_10,9,7,8,9,6,7,6,5,6,7,4,7,5,8,8,7,8,6,7,8,6,8,5,6,6,7,7,8,8,8,7,6,9,7,9,8,9,9
keller,11,keller_11,9,7,8,9,6,7,6,5,4,6,5,7,6,7,8,5,8,6,6,8,5,8,6,6,6,7,6,8,8,7,7,6,9,6,9,8,7,9
keller,12,keller_12,9,8,7,8,7,7,7,6,5,7,6,8,7,7,8,7,8,6,6,8,5,7,5,6,6,7,7,8,8,7,6,6,5,2,3,4,6,9
keller,13,keller_13,7,8,7,8,7,7,7,6,7,5,6,7,4,8,8,7,8,6,7,8,6,7,5,7,6,7,7,8,8,7,6,6,9,7,9,8,9,9
keller,14,keller_14,10,6,7,8,6,5,6,7,6,5,4,6,4,7,8,7,8,6,6,7,5,8,5,6,6,6,7,7,8,7,6,6,9,8,9,8,9,9
keller,16,keller_16,9,7,8,9,6,7,6,6,5,7,4,8,7,8,9,7,8,6,6,8,6,8,5,6,6,7,7,8,8,7,6,6,9,6,9,8,7,9
keller,17,keller_17,9,7,8,9,6,7,6,5,6,7,4,6,3,7,8,7,8,6,6,8,7,8,5,6,5,6,6,8,8,7,5,6,8,4,7,6,5,3
keller,18,keller_18,10,6,7,8,5,6,5,6,5,6,4,7,7,8,7,7,8,5,6,8,6,7,5,6,6,6,6,8,8,7,6,6,9,6,8,7,8,3
keller,19,keller_19,9,6,7,8,6,5,6,5,4,7,6,7,5,8,8,7,8,6,7,8,6,7,5,6,6,7,7,8,8,7,6,6,8,6,5,4,7,9
keller,20,keller_20,10,7,8,9,6,7,6,7,6,5,7,8,6,8,8,8,9,5,6,8,6,8,4,5,5,6,6,7,8,8,7,7,9,7,8,9,8,9
keller,21,keller_21,10,7,8,9,6,7,6,6,5,7,6,8,6,7,8,7,8,5,7,8,6,7,5,6,6,6,6,8,7,8,7,6,9,6,8,7,8,9
keller,22,keller_22,7,7,8,9,6,8,6,6,5,7,6,8,5,7,8,7,8,5,6,8,6,7,6,7,6,7,7,8,7,7,6,6,9,7,9,8,9,9
keller,23,keller_23,9,7,8,9,6,7,6,6,5,7,7,8,6,8,8,7,8,6,6,8,5,7,5,6,6,6,6,8,8,7,6,6,9,6,8,8,7,9
keller,24,keller_24,10,6,8,9,7,6,6,6,4,7,5,8,6,8,9,8,8,6,7,8,6,7,5,6,6,6,6,8,8,7,6,6,9,7,9,8,7,9
keller,25,keller_25,10,7,8,9,7,6,6,7,6,5,7,6,5,8,8,8,9,5,6,8,6,8,4,5,6,6,6,7,8,7,5,6,9,5,6,7,8,9
keller,26,keller_26,7,6,8,9,6,5,6,6,5,7,6,7,7,8,8,7,8,6,7,8,6,8,5,6,5,6,6,8,7,8,7,6,7,8,5,4,6,9
keller,27,keller_27,9,7,8,8,6,7,6,6,5,7,6,7,6,6,8,7,8,6,6,8,5,8,6,7,7,7,7,8,8,7,6,6,9,6,9,8,7,9
keller,28,keller_28,10,7,8,9,7,7,7,6,7,7,5,6,4,7,8,7,8,6,7,8,6,8,5,7,6,6,7,8,8,8,7,7,9,6,9,8,7,9
keller,29,keller_29,9,7,8,8,6,7,6,6,5,7,4,7,6,7,8,7,8,6,6,8,5,7,5,6,6,6,6,8,8,7,6,6,7,3,5,4,6,9
keller,30,keller_30,8,7,8,9,6,7,6,4,5,6,5,7,4,7,8,7,8,5,6,8,6,8,5,6,6,6,7,7,8,7,6,6,8,7,9,8,9,9
keller,31,keller_31,9,7,8,9,6,7,6,5,4,6,5,7,6,7,8,7,8,6,6,8,5,8,5,6,6,7,7,8,8,7,6,6,9,4,9,8,7,9
keller,32,keller_32,10,6,7,8,5,6,6,7,6,5,7,8,6,8,8,8,8,6,6,7,5,8,5,6,6,6,7,8,8,7,5,6,9,8,9,8,7,9
keller,33,keller_33,10,7,8,9,6,7,6,6,5,4,7,8,5,7,8,7,8,6,6,8,5,8,5,6,6,7,7,7,8,7,6,6,9,6,9,8,7,9
keller,34,keller_34,10,7,8,9,6,8,6,5,6,7,5,8,6,8,8,7,8,6,6,8,5,8,6,5,5,6,6,7,7,7,6,8,9,6,8,7,8,9
keller,35,keller_35,7,7,8,8,6,7,6,6,7,8,5,6,6,7,8,7,8,6,6,8,5,7,4,5,5,6,6,8,5,7,6,6,9,4,9,8,7,9
keller,36,keller_36,10,7,7,8,6,7,6,6,5,7,6,8,5,7,7,8,9,7,7,8,6,8,5,7,6,7,7,8,8,7,5,6,8,4,5,6,7,9
keller,37,keller_37,10,7,8,9,6,7,6,4,3,6,5,7,4,8,7,6,8,5,6,8,5,8,5,6,6,7,7,7,8,7,6,6,9,6,9,8,7,9
keller,38,keller_38,9,6,7,8,5,6,5,5,4,6,5,7,6,7,8,7,8,5,6,8,6,8,6,5,5,6,6,8,7,6,6,5,7,3,6,4,5,4
keller,39,keller_39,9,7,8,9,6,7,6,5,6,4,5,7,6,8,8,7,8,6,6,8,5,8,5,6,6,7,7,7,8,8,6,7,9,7,8,7,8,9
keller,40,keller_40,9,7,8,9,6,7,6,4,5,6,7,7,5,8,8,7,8,6,7,8,6,7,5,6,6,6,6,8,8,8,6,7,9,7,9,9,8,9
keller,41,keller_41,9,7,8,9,6,7,6,4,6,7,5,7,6,7,8,7,9,5,6,8,6,8,7,6,6,7,7,8,7,7,6,8,7,3,5,4,6,9
keller,42,keller_42,9,7,8,9,6,7,6,7,6,7,5,8,6,8,8,7,8,6,6,8,5,7,6,6,6,7,7,8,8,7,5,6,7,2,3,4,5,9
keller,43,keller_43,8,7,7,8,6,7,6,6,5,6,7,8,4,7,8,7,8,6,6,8,6,8,5,6,5,6,6,8,8,7,6,6,9,6,7,8,7,9
keller,44,keller_44,9,7,8,9,5,7,6,5,4,7,5,6,7,8,8,7,8,5,6,8,6,7,5,6,6,6,7,8,8,7,6,6,8,4,5,6,7,9
keller,45,keller_45,10,7,8,8,6,7,6,6,5,7,6,6,4,8,8,7,8,5,6,8,6,8,4,6,6,6,7,8,8,8,7,6,9,6,9,7,8,9
keller,46,keller_46,9,6,8,9,7,6,7,5,6,7,4,8,5,8,9,7,8,5,7,8,6,7,5,7,6,7,7,8,8,7,6,6,9,7,9,8,9,9
rutledge,01,rutledge_01,9,8,7,8,6,7,6,6,5,7,6,6,5,7,5,8,9,7,7,8,7,7,6,7,7,7,7,8,7,7,6,8,9,7,9,8,7,7
rutledge,02,rutledge_02,10,6,7,8,9,6,8,6,5,7,6,7,6,7,5,7,8,6,8,8,7,7,4,7,6,6,6,8,8,7,6,6,9,7,8,7,8,7
rutledge,03,rutledge_03,9,7,7,8,9,6,8,5,4,7,6,7,6,7,5,8,8,7,8,8,7,6,5,8,7,7,7,7,7,7,5,6,7,3,6,4,5,7
rutledge,04,rutledge_04,10,7,7,8,9,7,8,6,5,8,7,7,4,7,5,8,9,7,7,8,7,7,5,7,6,6,6,8,8,7,6,6,9,7,9,8,9,7
rutledge,05,rutledge_05,9,7,6,6,8,7,7,5,4,7,5,6,6,5,4,6,8,6,7,8,7,8,5,7,6,6,7,6,7,7,6,8,6,4,5,4,7,2
rutledge,06,rutledge_06,10,8,7,8,6,8,6,4,5,6,5,7,6,7,5,6,8,7,7,8,7,7,5,6,6,6,6,8,8,7,7,6,8,7,9,8,9,3
rutledge,07,rutledge_07,10,7,7,8,8,6,8,6,5,7,6,7,4,7,5,6,8,7,7,8,7,8,4,7,6,6,6,8,6,7,5,6,9,6,9,8,9,3
rutledge,08,rutledge_08,10,6,7,8,8,6,8,6,4,8,7,7,6,5,5,8,9,7,8,7,6,7,5,8,6,6,6,7,8,8,6,7,9,6,9,8,7,7
rutledge,09,rutledge_09,10,7,6,8,7,6,7,6,5,7,6,7,8,6,4,7,8,6,8,7,6,8,5,6,6,6,6,7,7,7,5,6,5,4,3,4,6,2
rutledge,10,rutledge_10,10,6,7,8,7,6,8,6,5,7,4,7,5,6,5,8,8,7,7,8,6,7,6,8,7,7,8,7,8,7,5,6,5,2,2,3,4,5
rutledge,100,rutledge_100,10,5,7,8,3,5,4,3,5,4,4,6,5,8,4,5,7,4,6,7,5,8,4,5,5,6,5,7,6,8,5,6,6,2,4,3,4,4
rutledge,101,rutledge_101,9,6,7,9,5,7,5,3,4,5,4,6,4,7,5,6,7,5,5,7,5,8,4,5,5,6,6,7,8,7,5,6,9,6,9,8,7,4
rutledge,102,rutledge_102,10,6,8,9,5,6,5,3,6,4,5,5,4,8,5,5,6,4,6,7,5,8,5,4,5,5,5,6,6,8,4,5,8,3,5,4,6,4
rutledge,103,rutledge_103,10,7,6,8,5,7,5,3,4,5,4,6,6,7,2,5,7,6,6,8,6,7,4,6,6,6,6,7,7,7,5,6,8,7,9,6,7,4
rutledge,104,rutledge_104,10,8,6,8,7,8,7,2,3,5,4,6,5,7,4,6,8,7,7,8,7,8,4,7,5,6,6,6,6,7,5,6,8,9,9,8,9,6
rutledge,105,rutledge_105,10,8,7,8,6,7,6,6,5,7,6,5,4,7,8,8,9,6,7,8,7,7,4,6,5,6,6,8,7,8,6,7,9,7,9,8,6,3
rutledge,106,rutledge_106,10,6,7,8,8,6,8,6,7,5,6,6,4,7,4,8,7,6,7,8,7,7,5,8,6,6,6,7,7,7,8,6,9,7,9,8,9,7
rutledge,107,rutledge_107,10,6,7,8,8,6,8,6,5,8,7,7,6,7,7,8,9,5,8,7,6,7,5,8,6,7,7,7,8,7,5,6,9,6,9,8,7,7
rutledge,108,rutledge_108,10,6,7,8,5,6,6,5,4,7,6,6,5,7,4,7,8,6,7,8,6,7,5,8,6,7,7,7,8,7,5,6,9,6,9,8,7,3
rutledge,109,rutledge_109,10,8,7,8,8,7,8,5,6,7,4,6,3,7,4,8,9,7,8,7,6,7,5,8,7,6,6,7,5,6,6,7,9,8,9,8,7,7
rutledge,11,rutledge_11,9,7,7,8,8,7,8,3,4,7,5,7,8,6,8,7,8,6,8,7,6,8,6,8,7,7,7,7,7,7,5,6,8,6,5,4,7,9
rutledge,110,rutledge_110,9,8,7,8,6,7,6,5,4,6,5,6,4,5,5,8,9,6,7,8,6,7,5,7,6,6,6,8,8,7,5,6,9,6,9,7,8,3
rutledge,111,rutledge_111,10,8,7,8,8,7,8,6,7,8,6,7,5,7,5,8,8,7,8,7,8,8,5,8,6,7,7,7,8,8,6,7,9,7,9,8,9,7
rutledge,112,rutledge_112,10,8,7,8,6,8,6,4,6,7,5,7,4,8,5,8,8,6,7,8,7,8,5,8,6,6,6,7,8,7,6,8,9,7,8,9,8,7
rutledge,113,rutledge_113,10,8,7,9,6,8,6,5,4,7,5,6,6,7,7,7,8,6,7,8,6,8,5,7,6,7,7,8,9,8,6,7,9,6,9,7,8,9
rutledge,114,rutledge_114,9,7,7,8,8,7,8,6,4,7,6,5,4,7,7,7,8,6,8,7,8,8,5,8,6,7,7,7,8,7,5,6,8,7,8,7,9,7
rutledge,115,rutledge_115,10,7,7,8,8,6,8,5,6,6,5,7,4,7,4,8,7,6,7,8,7,8,4,7,6,6,6,8,7,7,6,8,8,7,9,7,8,7
rutledge,116,rutledge_116,9,7,7,8,8,7,8,6,5,4,6,7,5,8,4,7,8,6,7,8,6,7,5,7,6,6,6,8,7,7,6,8,9,8,9,8,9,7
rutledge,117,rutledge_117,10,8,7,8,6,8,6,4,3,6,5,7,4,7,5,7,8,6,6,8,7,8,4,6,5,6,6,8,8,7,5,6,9,6,9,8,7,3
rutledge,118,rutledge_118,10,8,7,8,6,8,6,4,6,7,6,7,8,7,4,8,8,6,7,8,6,8,5,7,6,6,6,8,8,8,6,7,7,4,3,4,5,3
rutledge,119,rutledge_119,10,8,8,9,7,8,7,4,5,7,6,8,7,7,5,8,9,6,8,8,7,8,5,8,6,6,7,7,7,8,6,7,8,5,7,4,6,7
rutledge,12,rutledge_12,10,8,7,8,6,7,6,6,5,7,6,7,5,7,4,7,8,6,8,7,6,8,5,7,6,6,6,8,7,7,5,6,8,5,6,4,7,3
rutledge,120,rutledge_120,10,7,8,9,6,7,6,6,4,7,6,7,5,8,4,7,8,6,6,8,7,8,4,7,6,6,6,8,8,8,6,7,9,7,9,8,7,3
rutledge,121,rutledge_121,10,7,6,7,8,7,8,4,5,7,6,7,6,7,5,7,8,6,7,8,6,7,5,8,6,7,7,7,8,7,5,6,6,6,5,4,7,2
rutledge,122,rutledge_122,10,7,7,8,8,7,8,6,7,6,4,7,5,8,5,8,8,6,8,7,7,8,5,8,6,7,7,7,7,7,6,8,9,6,9,8,7,7
rutledge,123,rutledge_123,10,8,6,7,8,7,7,4,5,7,6,7,5,6,5,8,8,6,7,8,7,7,5,7,6,7,7,8,6,7,7,8,9,7,9,8,9,7
rutledge,126,rutledge_126,10,7,6,7,8,7,8,5,4,7,6,7,5,8,5,8,9,7,8,8,7,7,5,8,6,7,7,7,7,7,6,8,9,7,9,8,9,7
rutledge,127,rutledge_127,10,8,6,7,8,8,7,4,5,6,5,7,4,7,5,7,8,7,7,8,6,6,4,7,6,6,6,8,7,7,6,8,9,6,9,8,7,7
rutledge,128,rutledge_128,10,8,7,8,9,7,8,4,5,7,6,7,6,8,5,8,8,6,7,8,7,7,5,7,6,6,6,8,8,8,6,7,5,6,2,3,4,2
rutledge,129,rutledge_129,10,8,6,7,8,7,7,6,5,7,6,7,4,6,4,8,8,6,7,8,7,8,5,7,6,6,7,6,8,7,6,8,7,8,9,8,9,7
rutledge,13,rutledge_13,9,8,7,8,6,8,6,4,5,7,5,6,7,6,5,7,8,6,7,8,6,8,5,7,6,7,7,6,5,7,6,6,9,4,7,8,7,9
rutledge,130,rutledge_130,10,8,6,8,9,7,8,5,4,7,6,6,5,7,5,7,8,6,7,8,6,8,5,7,6,6,7,6,7,7,6,8,5,2,3,4,7,2
rutledge,131,rutledge_131,9,8,7,9,6,8,6,6,5,4,6,7,7,8,5,7,8,6,7,8,6,8,5,7,6,7,7,8,8,7,5,6,9,7,8,8,9,9
rutledge,132,rutledge_132,10,6,7,8,7,5,8,4,5,6,5,7,6,6,4,7,8,6,8,7,7,7,5,7,6,6,7,8,8,7,5,6,9,6,8,7,8,7
rutledge,133,rutledge_133,9,7,7,8,5,6,6,4,6,5,4,6,3,5,5,7,7,5,6,7,6,7,5,7,6,6,7,6,5,6,6,5,9,7,9,9,8,4
rutledge,134,rutledge_134,9,7,6,6,8,7,7,5,4,3,5,4,2,6,7,7,8,6,7,8,6,7,5,7,6,6,6,6,5,6,6,7,9,8,9,9,8,6
rutledge,135,rutledge_135,9,8,7,8,5,7,6,5,7,4,5,4,3,6,7,7,8,6,7,8,6,7,5,6,6,6,6,7,6,7,5,6,8,7,9,8,9,3
rutledge,136,rutledge_136,10,6,7,8,7,6,8,5,7,4,6,6,3,5,4,7,8,6,7,6,5,7,4,7,6,6,6,6,8,7,6,6,9,7,9,8,7,7
rutledge,137,rutledge_137,10,6,7,8,8,6,8,4,5,6,7,8,5,7,5,8,7,6,7,8,7,7,5,8,6,6,7,7,8,7,7,6,8,7,9,8,9,7
rutledge,138,rutledge_138,10,7,6,8,7,6,7,6,5,6,7,6,7,6,4,7,8,7,8,7,8,7,5,7,6,6,6,8,8,7,5,6,5,1,2,3,4,5
rutledge,139,rutledge_139,10,7,6,8,9,7,8,5,4,6,7,6,7,8,3,7,8,6,8,7,8,7,5,7,6,6,6,8,8,7,5,6,5,1,2,3,4,5
rutledge,14,rutledge_14,10,7,7,7,9,7,8,4,5,7,5,6,8,6,5,8,8,6,8,7,7,7,5,8,6,6,7,7,7,7,6,8,9,6,8,7,8,7
rutledge,140,rutledge_140,10,6,7,8,8,6,8,5,4,6,7,7,8,7,4,7,8,6,8,7,8,8,5,6,6,6,6,7,7,7,5,6,6,2,3,4,5,2
rutledge,141,rutledge_141,10,6,7,8,8,6,8,5,6,7,6,7,8,7,4,7,8,6,8,7,8,7,5,7,5,6,6,8,8,7,5,6,5,1,2,3,4,5
rutledge,142,rutledge_142,10,7,6,8,9,7,8,5,6,4,7,6,7,7,4,7,8,6,8,7,8,8,5,7,6,6,6,8,8,7,6,8,6,2,3,4,5,2
rutledge,143,rutledge_143,10,7,6,7,8,6,8,5,4,7,6,7,5,6,4,7,8,6,8,7,6,6,4,8,6,6,7,7,5,6,7,7,9,8,9,8,7,7
rutledge,144,rutledge_144,9,7,6,7,8,6,8,4,3,6,5,7,5,6,4,8,8,7,8,7,7,6,4,8,5,6,6,7,8,6,6,7,9,7,9,8,9,7
rutledge,145,rutledge_145,10,7,6,7,9,7,8,5,4,7,6,7,5,7,4,8,8,6,8,7,7,6,4,8,6,6,7,7,7,6,6,7,9,6,9,8,7,7
rutledge,146,rutledge_146,10,7,6,7,9,7,8,4,3,7,5,6,4,6,5,8,8,7,8,7,7,6,4,8,5,6,6,7,7,6,7,8,9,6,9,8,7,7
rutledge,147,rutledge_147,10,5,7,8,6,5,6,4,6,5,4,7,5,7,3,8,8,6,8,7,7,8,4,6,6,6,6,7,8,7,5,6,6,5,3,4,7,2
rutledge,148,rutledge_148,10,6,6,8,7,5,7,4,5,6,4,7,5,7,3,8,8,6,7,8,7,8,4,6,6,5,6,7,8,7,5,6,6,5,3,4,7,2
rutledge,149,rutledge_149,10,7,6,8,7,6,7,3,5,6,4,7,6,7,4,7,8,7,7,8,6,8,4,7,6,6,6,6,8,7,5,6,5,4,3,4,6,2
rutledge,15,rutledge_15,9,8,7,8,6,8,6,4,3,6,5,7,6,7,5,7,8,6,6,8,7,7,4,6,6,6,6,8,8,7,6,8,9,8,7,6,8,3
rutledge,150,rutledge_150,10,6,6,8,7,5,7,4,6,5,5,7,4,6,4,7,8,6,8,7,7,8,4,6,6,6,6,7,8,7,5,6,5,4,3,4,6,2
rutledge,151,rutledge_151,10,7,7,8,5,6,6,4,6,7,5,7,6,8,3,7,8,6,7,6,6,8,4,7,6,6,6,6,8,7,5,6,5,4,3,4,6,2
rutledge,152,rutledge_152,10,6,7,8,6,5,6,4,5,7,6,7,5,8,4,8,8,6,8,7,7,8,4,7,6,6,7,6,8,7,5,6,6,4,5,4,7,2
rutledge,153,rutledge_153,10,6,6,8,7,5,7,3,5,6,4,7,5,7,3,7,8,6,7,7,6,8,4,7,6,6,6,6,8,7,5,6,5,6,3,4,7,2
rutledge,154,rutledge_154,10,7,7,8,6,7,6,4,5,6,5,7,4,7,3,7,8,7,8,7,6,8,4,7,6,6,6,6,8,7,5,6,5,4,3,4,6,2
rutledge,155,rutledge_155,10,6,7,8,6,5,6,4,5,6,5,7,4,7,3,8,8,6,8,7,7,8,4,7,6,6,6,6,8,7,6,6,6,5,3,4,7,2
rutledge,156,rutledge_156,9,6,7,8,8,6,8,4,6,7,5,7,6,8,4,7,8,6,8,7,7,8,4,7,5,6,6,6,8,7,5,6,5,4,3,4,6,2
rutledge,157,rutledge_157,9,6,7,8,8,6,8,4,5,7,5,6,4,7,3,6,8,7,7,8,7,8,4,6,5,6,6,7,8,7,5,6,5,4,3,4,6,2
rutledge,158,rutledge_158,10,8,7,9,6,7,6,4,3,6,5,7,4,6,4,7,8,6,6,8,7,7,4,6,6,6,6,8,8,7,6,6,7,5,3,4,6,3
rutledge,159,rutledge_159,10,7,7,8,5,7,6,5,4,6,5,7,4,7,4,6,8,7,6,8,7,7,4,6,5,6,6,8,8,7,5,6,9,6,8,7,8,3
rutledge,16,rutledge_16,10,7,6,7,8,6,7,6,5,7,6,7,5,7,4,7,8,6,7,8,6,7,5,7,6,7,7,6,8,7,7,6,7,4,5,6,8,2
rutledge,160,rutledge_160,10,6,7,8,5,6,6,4,3,6,5,7,4,7,4,7,8,6,6,8,7,8,4,6,5,6,6,8,8,7,5,6,8,5,6,7,8,3
rutledge,161,rutledge_161,10,8,7,9,6,8,6,4,3,6,4,7,5,6,3,7,8,6,6,8,7,7,4,6,5,6,6,8,8,7,6,6,8,6,7,8,9,3
rutledge,162,rutledge_162,10,7,6,8,7,5,7,4,3,6,5,7,4,7,3,7,8,6,6,8,7,7,4,6,6,6,6,8,8,7,6,6,8,4,6,7,8,3
rutledge,163,rutledge_163,10,7,7,8,6,7,6,4,3,6,5,7,4,6,3,6,8,7,6,8,7,7,5,6,6,6,6,8,8,7,6,6,9,5,6,7,8,3
rutledge,164,rutledge_164,10,7,7,8,5,7,6,4,3,6,5,7,4,6,3,5,8,7,6,7,6,7,4,6,5,6,6,8,8,7,5,6,8,4,5,6,7,3
rutledge,165,rutledge_165,10,8,7,9,6,8,6,5,4,6,5,7,4,7,3,6,8,5,6,8,7,7,4,6,5,6,6,8,8,7,5,6,9,6,8,7,8,3
rutledge,166,rutledge_166,10,7,7,8,5,7,6,4,3,7,5,8,6,7,4,6,8,7,6,8,7,8,4,6,6,6,6,7,8,7,6,6,6,5,3,4,7,2
rutledge,167,rutledge_167,10,6,7,8,5,6,6,5,3,6,4,7,5,6,4,6,8,7,6,8,7,8,5,6,6,6,6,7,8,7,6,6,9,6,8,7,8,3
rutledge,169,rutledge_169,10,6,7,8,8,6,8,6,5,7,6,7,4,8,7,8,8,7,8,7,7,7,4,7,5,6,6,8,8,7,6,6,9,6,9,8,7,7
rutledge,17,rutledge_17,10,7,7,8,5,6,6,4,5,6,5,7,8,6,8,8,8,6,8,7,7,7,6,7,6,7,7,8,7,7,6,6,7,5,3,4,6,9
rutledge,170,rutledge_170,10,6,7,8,8,6,8,4,5,6,5,7,4,7,6,7,8,6,8,7,8,7,4,7,6,6,6,8,7,7,5,6,9,6,9,8,7,7
rutledge,171,rutledge_171,10,7,7,8,6,7,6,4,5,6,5,7,4,7,5,7,8,7,7,8,6,7,4,7,6,6,6,8,8,7,6,6,9,6,9,8,7,3
rutledge,172,rutledge_172,10,7,7,8,8,6,8,5,6,7,4,6,5,7,6,8,8,7,8,7,7,8,5,7,6,6,7,8,7,8,6,7,9,6,9,8,7,7
rutledge,173,rutledge_173,10,6,7,8,8,6,8,5,6,7,5,7,4,7,6,8,8,7,8,7,7,8,4,7,5,6,6,6,5,7,6,6,9,6,9,8,7,7
rutledge,174,rutledge_174,10,6,7,8,8,6,8,5,6,7,5,7,4,8,7,7,8,6,8,7,8,8,4,6,5,6,6,7,7,7,5,6,8,7,9,8,9,7
rutledge,175,rutledge_175,10,6,7,8,8,6,8,6,5,7,6,8,4,7,7,7,8,6,7,8,7,8,4,7,6,6,6,8,8,8,6,7,8,7,9,8,9,7
rutledge,176,rutledge_176,10,6,7,8,8,6,8,5,6,5,7,6,4,7,6,8,8,7,8,7,7,7,4,7,6,6,6,8,8,7,5,6,9,6,9,8,7,7
rutledge,177,rutledge_177,9,6,7,8,8,6,8,5,4,6,5,7,4,6,3,6,8,7,7,8,7,8,4,7,5,6,6,6,7,6,6,5,5,6,3,4,7,2
rutledge,178,rutledge_178,10,6,6,8,7,5,7,5,4,6,5,7,4,6,3,6,8,5,7,8,6,7,4,7,5,6,6,6,7,6,6,5,6,5,3,4,7,2
rutledge,179,rutledge_179,9,6,6,8,8,6,8,5,4,6,5,7,6,5,4,6,8,7,7,8,6,8,4,7,5,6,6,6,7,6,6,5,6,5,3,4,7,2
rutledge,18,rutledge_18,9,6,7,8,8,7,8,4,5,7,4,6,7,6,8,7,8,6,7,8,6,6,5,7,6,6,7,8,5,7,6,6,9,7,8,8,7,3
rutledge,180,rutledge_180,9,7,6,8,9,6,8,4,5,6,5,7,4,6,3,6,8,5,7,8,6,7,4,7,6,6,6,6,8,6,7,5,5,4,3,4,6,2
rutledge,181,rutledge_181,9,7,6,7,8,6,8,5,4,6,5,7,6,6,3,6,8,6,7,8,7,8,4,7,5,6,6,6,6,6,7,5,6,4,5,4,7,2
rutledge,182,rutledge_182,9,6,6,8,7,5,7,6,4,5,7,8,6,5,3,6,7,5,7,8,6,8,4,7,6,6,6,6,8,6,6,7,5,6,3,4,7,2
rutledge,183,rutledge_183,10,6,6,8,7,6,7,5,6,4,5,7,4,6,3,6,8,6,7,8,7,8,4,7,6,6,6,6,7,6,6,5,5,4,3,4,7,2
rutledge,184,rutledge_184,10,6,7,8,8,6,8,5,6,4,5,7,4,6,3,6,8,7,7,8,7,8,4,7,6,6,6,6,7,6,6,5,5,4,3,4,6,2
rutledge,185,rutledge_185,10,5,6,8,7,5,7,5,6,4,6,7,5,6,3,6,8,7,7,8,7,8,4,7,6,6,6,6,8,6,5,7,6,6,5,4,7,2
rutledge,186,rutledge_186,9,7,6,8,8,7,8,5,4,6,5,7,4,6,3,6,8,7,7,8,7,8,4,7,6,6,6,6,7,6,6,5,4,4,2,3,5,2
rutledge,187,rutledge_187,10,6,6,8,7,5,7,5,4,6,5,7,4,6,3,6,8,6,7,8,7,7,4,8,5,6,6,7,8,6,6,7,6,5,3,4,7,2
rutledge,188,rutledge_188,9,7,6,7,8,6,8,4,5,6,5,7,6,5,3,7,8,6,7,8,7,7,5,8,6,6,7,7,8,6,5,7,5,4,3,4,7,2
rutledge,189,rutledge_189,9,7,6,7,8,6,8,4,5,6,5,7,6,6,3,6,8,6,7,8,7,8,4,7,6,6,6,6,8,7,6,6,5,4,3,4,7,2
rutledge,19,rutledge_19,10,8,8,9,7,8,7,4,6,7,5,7,8,7,5,7,8,6,8,7,8,8,5,6,6,7,7,7,7,8,6,7,9,6,9,8,7,9
rutledge,190,rutledge_190,9,6,6,8,7,5,7,4,6,5,6,7,5,6,3,6,8,7,7,8,7,7,4,8,6,6,6,7,8,7,6,6,7,6,5,4,8,2
rutledge,191,rutledge_191,10,7,6,8,8,7,8,5,6,6,5,7,6,5,4,7,8,6,7,8,6,8,4,7,6,6,6,6,7,6,6,5,5,6,3,4,7,2
rutledge,192,rutledge_192,9,7,6,7,8,7,8,4,5,6,5,7,4,6,3,7,8,6,7,8,6,7,4,8,6,6,6,7,8,6,6,7,5,4,3,4,7,2
rutledge,193,rutledge_193,10,7,6,8,9,6,8,4,6,5,6,7,4,6,3,6,8,6,7,8,7,8,4,7,5,6,6,6,8,6,6,7,5,4,3,4,7,2
rutledge,194,rutledge_194,9,7,6,8,7,6,7,5,6,4,5,7,6,6,4,7,8,6,7,8,6,8,4,7,6,6,6,6,8,7,6,6,5,4,3,4,7,2
rutledge,195,rutledge_195,10,6,6,8,7,6,7,5,6,4,6,7,5,6,3,7,8,6,7,8,6,8,4,7,6,6,6,6,8,6,6,7,6,5,3,4,7,2
rutledge,196,rutledge_196,10,7,6,8,8,6,8,5,6,4,5,7,4,6,3,7,8,6,7,8,6,7,4,8,6,6,6,7,7,6,6,5,5,4,3,4,7,2
rutledge,197,rutledge_197,10,5,6,8,7,5,7,6,4,5,6,7,5,4,2,6,8,5,7,8,6,7,5,8,6,6,6,7,8,6,6,7,5,4,3,4,7,2
rutledge,198,rutledge_198,10,7,6,8,8,6,8,4,5,6,5,7,4,6,3,6,8,6,7,8,7,8,4,7,5,6,6,6,8,7,6,6,4,5,2,3,6,2
rutledge,199,rutledge_199,10,5,6,8,7,5,7,4,5,6,6,7,5,6,4,6,8,6,7,8,7,8,4,7,6,6,6,6,8,6,7,5,5,4,3,4,7,2
rutledge,20,rutledge_20,10,6,6,8,7,5,7,4,5,7,6,6,5,7,4,7,8,6,7,8,6,8,5,7,6,6,7,6,8,7,5,6,6,5,8,7,8,2
rutledge,200,rutledge_200,10,7,6,8,8,6,8,5,6,4,5,7,6,6,4,8,7,6,7,8,7,8,4,7,6,6,6,6,7,6,6,7,4,4,2,3,5,2
rutledge,201,rutledge_201,9,6,6,8,7,6,7,5,6,4,5,7,6,6,4,6,7,6,7,7,6,7,4,7,5,6,6,6,8,7,6,6,4,4,2,3,5,2
rutledge,202,rutledge_202,10,5,6,8,7,5,7,4,5,4,5,7,6,6,3,8,8,6,7,8,7,8,4,7,6,6,6,6,8,7,5,6,5,4,3,4,7,2
rutledge,203,rutledge_203,9,7,6,8,7,6,7,5,4,6,5,7,6,6,3,5,7,6,7,6,6,8,4,7,6,6,6,6,7,6,6,5,6,5,3,4,7,2
rutledge,204,rutledge_204,9,7,6,7,8,7,8,4,5,6,4,5,6,7,3,7,8,6,6,7,6,8,6,7,6,7,7,6,7,7,6,8,9,7,9,8,9,7
rutledge,205,rutledge_205,10,8,7,8,6,7,6,4,5,7,6,6,7,8,5,7,8,6,6,8,7,7,4,6,5,6,6,8,7,7,5,6,5,1,2,3,4,2
rutledge,206,rutledge_206,10,8,7,8,5,7,6,4,5,7,6,6,5,7,4,8,9,7,7,8,6,7,5,8,6,6,6,7,8,7,5,6,9,6,9,7,8,3
rutledge,207,rutledge_207,10,8,7,8,6,7,6,5,6,7,6,8,7,5,6,8,8,7,6,8,7,7,5,6,5,6,6,8,6,7,5,6,6,2,3,2,4,3
rutledge,208,rutledge_208,10,8,7,8,6,8,6,4,5,7,6,7,6,5,5,7,8,6,7,8,6,7,5,7,6,6,6,8,8,7,5,6,9,6,9,8,7,3
rutledge,209,rutledge_209,10,7,8,9,6,7,6,4,6,5,4,7,5,7,6,8,7,6,7,8,7,8,4,5,5,6,6,7,8,8,5,6,9,7,9,8,9,3
rutledge,21,rutledge_21,10,8,7,8,6,7,6,4,5,7,5,6,7,7,6,7,8,6,6,8,7,8,5,7,5,6,6,6,8,7,6,8,5,2,3,4,6,2
rutledge,210,rutledge_210,10,7,7,8,8,7,8,6,5,8,7,7,6,7,5,8,8,6,8,7,7,7,5,8,6,6,6,7,8,7,6,6,5,2,2,3,4,5
rutledge,211,rutledge_211,10,8,7,8,6,8,6,6,5,7,6,7,7,8,5,8,9,6,7,8,7,7,4,7,5,6,6,8,7,7,5,6,6,3,2,3,4,3
rutledge,212,rutledge_212,10,8,7,8,6,8,6,6,7,8,5,7,6,7,8,7,8,6,7,8,6,7,4,6,5,6,6,8,8,8,6,7,9,6,9,8,7,3
rutledge,213,rutledge_213,10,8,7,8,6,8,6,6,5,7,6,7,4,7,5,7,8,5,6,8,6,8,6,7,6,7,7,8,6,7,7,6,9,7,8,9,8,9
rutledge,214,rutledge_214,10,7,7,8,5,7,6,5,4,7,6,6,5,7,4,8,8,6,7,8,7,7,5,7,6,6,6,8,8,7,5,6,9,7,9,8,9,3
rutledge,215,rutledge_215,10,8,7,8,7,7,8,7,6,8,7,8,5,7,7,8,9,7,8,8,7,8,5,8,6,6,6,7,8,8,6,7,9,6,9,8,7,7
rutledge,216,rutledge_216,10,6,7,8,6,5,6,6,5,6,7,7,4,8,3,8,8,6,7,8,7,8,5,7,6,6,7,8,8,8,6,7,9,7,9,9,8,7
rutledge,217,rutledge_217,10,7,6,7,8,7,8,6,7,8,7,6,5,8,5,8,8,7,7,8,6,6,5,8,6,6,7,7,8,6,6,7,9,7,8,9,8,7
rutledge,218,rutledge_218,10,8,7,8,6,8,6,6,7,7,5,8,7,8,6,7,8,6,7,8,6,7,5,7,6,7,7,8,8,7,5,6,5,2,2,3,4,9
rutledge,219,rutledge_219,10,8,7,8,5,8,6,4,3,8,4,6,5,7,5,8,9,7,6,8,7,7,5,7,6,7,7,8,8,7,5,6,9,5,9,8,7,3
rutledge,22,rutledge_22,10,8,7,8,6,8,6,6,4,7,5,7,6,8,5,8,8,6,7,8,7,6,5,8,6,7,7,7,7,7,6,8,5,4,2,3,4,5
rutledge,220,rutledge_220,9,8,6,7,9,8,8,6,7,5,4,8,7,8,5,8,8,6,8,7,7,7,4,8,6,6,7,7,7,7,6,8,4,5,2,3,4,5
rutledge,221,rutledge_221,10,8,7,8,8,7,8,5,3,8,4,6,7,6,7,8,9,7,8,8,7,8,5,8,6,7,7,7,7,7,6,8,9,8,9,8,9,7
rutledge,222,rutledge_222,10,7,7,8,8,7,8,6,5,7,6,8,4,8,4,8,8,6,8,7,7,8,4,7,5,6,6,6,7,7,6,8,9,8,9,8,9,7
rutledge,223,rutledge_223,10,7,7,8,8,7,8,5,4,7,6,7,6,7,5,8,9,7,8,8,7,7,6,7,6,7,7,8,7,7,5,6,7,2,3,4,6,7
rutledge,224,rutledge_224,10,8,6,8,7,7,7,4,2,5,4,6,5,6,1,8,7,6,7,8,7,6,4,7,5,6,6,8,8,6,5,7,2,1,2,3,4,5
rutledge,225,rutledge_225,10,7,7,8,5,6,6,4,3,6,5,7,7,6,8,7,8,5,8,7,6,7,5,7,6,6,6,8,8,7,5,6,8,7,9,8,9,3
rutledge,226,rutledge_226,10,7,6,7,8,7,8,5,4,7,4,6,5,6,3,8,8,6,8,7,7,6,5,8,6,6,7,7,8,6,7,7,6,5,4,8,7,7
rutledge,227,rutledge_227,9,8,7,8,6,7,6,6,4,7,6,7,3,5,4,6,8,7,8,7,7,7,5,7,6,7,7,8,6,6,5,7,9,8,9,8,7,3
rutledge,228,rutledge_228,10,8,7,9,6,8,6,6,5,8,6,7,4,7,5,7,8,6,7,8,6,7,5,7,6,6,7,8,8,7,5,6,9,5,9,8,7,3
rutledge,229,rutledge_229,9,8,6,6,8,8,7,4,3,7,4,6,5,6,4,7,8,6,7,8,6,6,7,8,7,8,8,7,6,6,5,7,7,6,5,4,6,7
rutledge,23,rutledge_23,9,7,6,6,8,6,8,4,3,7,5,6,7,6,4,7,8,6,8,7,6,6,4,7,6,6,6,8,7,7,5,6,9,7,8,7,6,3
rutledge,230,rutledge_230,10,7,7,8,8,7,8,6,5,7,6,7,4,7,4,7,8,6,8,7,6,7,5,8,6,7,7,7,6,7,7,8,9,7,8,9,8,7
rutledge,231,rutledge_231,7,7,6,7,8,7,8,5,4,7,6,6,4,5,4,7,8,6,7,8,6,6,7,8,6,7,7,7,5,6,6,7,9,8,9,8,9,7
rutledge,232,rutledge_232,10,6,7,8,8,6,8,5,4,7,5,6,4,6,3,7,8,6,6,8,7,7,5,8,6,6,7,7,8,7,6,6,9,7,9,9,8,7
rutledge,233,rutledge_233,9,7,6,7,8,6,7,5,6,7,4,6,5,6,5,7,8,7,7,8,6,8,4,7,6,6,6,7,8,7,6,6,9,7,9,8,9,3
rutledge,234,rutledge_234,9,8,7,8,6,7,6,4,5,6,5,7,6,7,5,7,8,6,6,8,7,8,4,7,6,6,6,8,8,7,6,6,9,6,8,7,8,3
rutledge,235,rutledge_235,10,8,6,8,7,8,7,4,5,6,4,6,5,7,5,7,8,6,6,7,6,8,5,6,6,6,6,7,7,7,6,8,9,7,9,7,8,3
rutledge,236,rutledge_236,10,7,7,8,7,6,8,4,5,7,6,6,4,7,7,8,9,7,7,8,6,7,5,8,6,6,7,7,8,7,6,8,9,7,8,8,9,7
rutledge,237,rutledge_237,10,8,7,8,6,8,6,6,5,7,6,7,4,7,5,8,8,6,7,8,7,8,5,8,6,6,6,7,9,7,8,8,9,7,8,9,8,7
rutledge,238,rutledge_238,10,7,8,9,4,7,5,7,8,6,5,4,3,7,4,7,8,6,6,8,7,8,4,7,5,6,6,8,8,8,6,7,7,2,5,4,3,3
rutledge,239,rutledge_239,10,6,7,8,7,6,8,6,4,7,6,7,5,7,3,8,8,6,7,8,7,8,4,7,6,6,6,6,8,7,7,6,7,8,9,8,9,7
rutledge,24,rutledge_24,10,6,7,8,8,6,8,5,4,6,5,7,6,7,3,8,7,6,8,7,8,7,4,7,6,6,6,8,8,7,5,6,7,8,5,4,6,2
rutledge,240,rutledge_240,9,6,7,8,6,5,6,5,6,4,5,7,3,6,5,7,8,5,6,8,7,7,5,7,6,6,6,8,8,7,5,6,7,6,9,8,9,3
rutledge,241,rutledge_241,10,7,7,8,9,7,8,4,3,7,4,6,5,6,4,8,9,7,8,8,7,6,4,8,6,6,7,7,8,7,5,6,9,7,8,9,8,7
rutledge,242,rutledge_242,9,8,7,8,6,8,6,5,6,7,5,6,4,6,5,7,8,6,6,8,7,7,5,8,6,6,7,7,7,7,5,6,9,6,9,8,7,3
rutledge,243,rutledge_243,10,7,6,7,8,6,8,4,3,6,5,7,5,7,3,7,8,6,7,8,6,7,5,8,6,6,6,6,8,7,6,6,5,6,3,4,7,2
rutledge,244,rutledge_244,10,8,7,8,6,8,6,5,4,6,5,7,3,7,4,7,8,6,6,8,7,8,5,7,6,7,6,6,8,7,7,6,9,7,9,8,9,3
rutledge,245,rutledge_245,9,5,6,7,6,5,7,4,5,7,4,6,5,6,4,7,8,5,6,7,6,8,4,7,6,6,6,6,8,6,5,7,9,4,9,8,7,4
rutledge,246,rutledge_246,10,8,7,8,6,7,6,5,6,7,6,7,4,7,5,7,8,6,6,7,6,8,5,7,6,6,6,6,8,7,6,8,9,7,9,8,9,3
rutledge,247,rutledge_247,9,7,7,8,5,7,6,4,5,7,5,4,6,4,5,8,9,7,7,8,6,7,5,7,6,6,6,8,6,7,5,6,9,7,8,9,8,3
rutledge,248,rutledge_248,10,7,6,6,8,7,8,4,3,7,5,6,4,5,3,7,8,6,7,8,6,6,5,8,6,6,7,7,6,6,5,7,8,5,9,7,8,7
rutledge,249,rutledge_249,9,7,6,7,8,7,8,4,3,5,6,7,5,7,4,7,8,5,7,6,6,8,4,7,6,6,6,6,8,6,7,7,5,4,3,4,6,2
rutledge,25,rutledge_25,10,7,7,8,8,6,8,4,3,7,5,7,6,6,4,8,9,7,8,8,7,7,5,8,6,6,7,7,6,7,5,6,8,7,5,6,4,7
rutledge,250,rutledge_250,10,7,6,8,7,6,7,4,5,7,5,6,4,7,5,7,8,6,7,8,6,7,5,7,6,7,7,8,8,7,5,6,9,6,7,8,9,3
rutledge,251,rutledge_251,9,8,6,8,9,8,8,4,3,7,5,6,5,6,4,8,8,7,7,8,6,6,5,8,6,6,7,7,7,7,6,8,9,7,8,7,8,7
rutledge,252,rutledge_252,9,8,7,9,6,8,6,3,2,4,3,5,2,7,5,5,6,5,6,7,7,8,4,7,5,6,6,6,6,7,5,6,9,6,8,7,8,3
rutledge,253,rutledge_253,10,8,7,9,7,7,6,5,4,6,5,6,4,7,5,7,8,5,8,7,6,8,5,7,6,7,7,8,7,7,6,6,8,5,6,4,7,9
rutledge,254,rutledge_254,9,7,7,8,6,7,6,4,3,6,5,6,4,7,4,8,8,6,8,7,7,8,5,7,6,7,7,6,7,8,6,7,8,5,6,4,7,7
rutledge,255,rutledge_255,9,8,7,7,9,8,8,4,5,7,6,7,6,5,4,7,8,6,7,6,6,6,4,7,6,6,6,8,7,7,6,8,9,6,8,7,8,7
rutledge,256,rutledge_256,10,8,7,8,9,7,8,4,3,6,4,7,5,5,2,8,7,6,7,8,7,6,4,7,6,6,6,8,8,7,6,8,7,3,5,4,6,2
rutledge,257,rutledge_257,9,8,7,8,6,8,6,3,2,5,4,5,2,3,4,6,8,5,7,8,6,8,5,7,6,6,7,6,5,6,6,7,8,7,9,8,9,6
rutledge,258,rutledge_258,10,8,7,8,6,8,6,4,3,5,4,6,2,2,3,5,7,5,6,7,6,8,5,7,6,7,7,6,5,6,6,7,8,7,9,8,9,6
rutledge,259,rutledge_259,10,7,7,8,9,7,8,5,4,7,6,8,6,6,4,8,8,7,8,7,7,7,5,8,6,6,6,7,8,7,6,8,8,5,3,4,6,7
rutledge,26,rutledge_26,10,8,7,8,9,7,8,6,5,8,7,7,5,6,6,8,9,7,8,8,7,7,5,8,6,6,7,7,7,8,8,7,9,7,9,8,9,7
rutledge,260,rutledge_260,10,7,7,8,8,7,8,5,4,7,6,7,6,6,5,8,8,7,8,7,7,6,4,8,5,6,6,7,7,7,6,8,8,5,8,7,6,7
rutledge,261,rutledge_261,9,6,7,8,6,5,6,5,6,7,4,5,7,5,3,7,8,6,7,8,6,8,6,7,6,7,7,6,6,7,5,6,6,2,3,4,5,4
rutledge,262,rutledge_262,9,8,7,8,6,8,6,5,6,7,4,6,7,5,3,7,8,6,7,7,6,8,5,7,6,7,7,6,5,7,6,8,8,5,8,7,6,3
rutledge,263,rutledge_263,10,8,7,9,6,8,6,5,4,6,5,6,4,8,3,7,8,6,6,8,7,8,4,7,6,6,6,6,7,7,5,6,6,5,8,4,7,3
rutledge,264,rutledge_264,10,8,7,9,6,8,6,5,4,7,5,6,5,8,3,6,8,5,7,8,7,8,4,7,6,6,6,6,7,7,6,8,7,4,5,4,6,2
rutledge,265,rutledge_265,10,8,7,8,9,7,8,5,4,7,6,7,4,6,3,8,8,6,8,7,7,6,4,8,6,6,6,7,8,6,7,8,7,6,9,8,9,7
rutledge,266,rutledge_266,10,8,7,8,9,7,8,5,4,7,6,6,4,7,3,8,9,7,8,8,7,7,4,8,6,6,6,7,8,7,6,8,8,8,7,9,8,7
rutledge,267,rutledge_267,10,7,6,8,8,6,8,4,3,6,5,7,4,8,4,7,8,5,7,6,8,8,4,8,6,6,6,7,5,6,8,7,6,7,8,7,8,6
rutledge,268,rutledge_268,10,8,6,8,8,7,8,4,3,6,4,7,5,8,4,7,8,5,7,6,7,8,4,8,6,6,6,7,5,6,7,8,6,9,8,7,8,6
rutledge,269,rutledge_269,10,8,7,7,9,7,8,6,4,8,5,7,4,6,3,8,9,7,8,8,7,6,5,8,6,6,7,7,7,7,6,8,9,7,9,9,8,7
rutledge,27,rutledge_27,10,8,7,8,9,7,8,6,4,7,5,6,4,7,4,8,8,6,7,8,7,7,5,7,6,6,6,8,8,7,6,8,9,6,8,7,8,7
rutledge,270,rutledge_270,9,7,6,7,9,7,8,6,4,8,5,7,4,6,4,8,9,7,8,8,7,6,4,8,5,6,6,7,7,7,6,8,9,7,9,9,8,7
rutledge,271,rutledge_271,9,6,7,8,5,6,5,4,6,5,4,6,5,7,3,6,8,5,7,8,6,8,5,6,6,6,6,7,6,7,5,6,8,5,6,4,7,4
rutledge,272,rutledge_272,9,7,8,9,5,7,6,5,6,7,4,6,7,8,5,6,7,5,6,7,6,8,4,6,5,6,6,7,6,7,5,6,7,4,5,4,6,4
rutledge,273,rutledge_273,10,7,6,7,8,6,8,6,5,7,4,6,3,6,4,8,8,6,8,7,7,7,5,8,6,7,7,7,8,7,5,6,8,7,9,8,9,7
rutledge,274,rutledge_274,10,7,6,8,9,7,8,6,7,8,5,7,4,7,5,8,8,6,8,7,7,7,5,8,6,6,7,7,8,7,6,6,8,7,9,8,7,7
rutledge,275,rutledge_275,10,8,7,8,6,7,6,6,5,4,5,6,4,7,4,7,8,6,7,8,6,6,5,7,6,6,6,8,6,7,5,6,8,7,9,8,9,3
rutledge,276,rutledge_276,9,8,7,8,6,8,6,6,5,6,4,5,4,7,3,6,8,7,7,7,6,7,5,7,6,6,6,6,7,7,6,6,9,6,9,7,8,3
rutledge,277,rutledge_277,10,8,7,8,8,6,8,5,4,7,6,6,3,7,4,8,9,6,8,8,7,7,5,8,6,7,7,6,8,7,6,8,8,7,9,8,9,7
rutledge,278,rutledge_278,10,7,6,7,8,7,8,5,4,7,6,6,3,7,4,8,8,6,8,7,7,6,5,8,6,7,7,7,8,6,6,7,8,7,9,8,9,7
rutledge,279,rutledge_279,10,7,7,8,5,7,6,6,4,7,5,8,6,7,4,7,8,6,6,8,7,7,5,7,6,6,7,8,8,7,5,6,8,5,6,7,8,3
rutledge,28,rutledge_28,9,6,7,8,7,6,7,5,3,7,6,6,5,7,4,7,9,7,7,8,8,6,5,7,6,7,7,8,5,6,7,7,8,7,9,8,9,7
rutledge,280,rutledge_280,9,6,7,8,5,6,6,6,4,7,5,6,4,7,3,7,8,6,7,8,6,7,5,7,6,6,7,8,8,7,6,6,9,6,8,7,8,3
rutledge,281,rutledge_281,10,7,7,8,6,7,6,5,6,7,5,7,6,6,5,7,8,5,6,7,5,7,4,6,6,6,6,8,8,7,5,6,7,3,5,4,6,3
rutledge,282,rutledge_282,10,7,7,8,6,7,6,6,7,6,5,7,4,6,5,6,8,5,6,7,5,7,4,6,6,6,6,8,7,7,5,6,6,2,2,3,4,4
rutledge,283,rutledge_283,10,8,7,8,6,8,6,6,5,4,7,6,3,6,4,8,8,7,7,8,6,7,4,7,6,6,6,8,8,7,5,6,9,6,9,8,7,3
rutledge,284,rutledge_284,10,8,7,8,6,7,6,7,6,5,4,6,4,7,3,8,7,6,7,8,6,7,4,6,6,6,6,8,8,7,6,8,9,8,9,8,7,3
rutledge,285,rutledge_285,9,8,7,8,6,8,6,4,3,6,5,7,4,6,5,5,7,5,6,7,6,8,5,7,6,7,7,6,5,6,6,7,8,7,6,7,8,3
rutledge,286,rutledge_286,9,8,7,8,6,8,6,4,3,7,5,6,4,6,5,5,8,6,6,7,5,8,5,7,6,6,6,6,7,6,6,7,9,8,9,8,7,3
rutledge,287,rutledge_287,10,6,7,8,8,6,8,4,6,7,5,6,7,6,5,8,8,6,8,7,7,7,5,8,6,6,7,7,6,7,5,6,9,6,8,7,8,7
rutledge,288,rutledge_288,9,6,7,8,8,6,8,4,6,7,5,6,7,5,5,8,8,6,8,7,7,7,4,8,6,6,6,7,8,7,6,6,9,6,8,7,8,7
rutledge,289,rutledge_289,10,7,7,8,6,7,6,6,7,8,5,7,6,7,5,8,8,6,7,8,7,8,5,7,6,7,7,6,8,7,6,6,6,5,3,4,7,2
rutledge,29,rutledge_29,9,6,7,8,8,5,8,5,6,7,6,5,7,6,5,8,9,7,7,8,6,7,7,8,7,8,7,6,4,7,5,6,8,4,7,6,5,7
rutledge,290,rutledge_290,10,7,7,8,7,6,6,6,5,7,4,7,5,8,5,8,8,6,7,8,7,8,6,7,7,7,7,8,8,8,6,7,7,4,5,6,8,9
rutledge,291,rutledge_291,10,7,7,8,6,7,6,6,5,4,5,7,6,8,4,7,8,6,6,8,7,7,5,6,6,6,6,8,8,7,5,6,7,3,5,4,6,3
rutledge,292,rutledge_292,10,7,7,8,6,7,6,6,5,4,5,7,6,8,4,7,8,6,6,8,7,8,5,6,6,7,7,7,8,7,5,6,7,2,3,4,6,9
rutledge,293,rutledge_293,10,7,7,8,8,6,8,7,6,7,5,6,4,7,5,7,8,7,7,8,6,7,4,7,6,6,6,8,7,8,6,7,8,5,8,4,7,3
rutledge,294,rutledge_294,10,7,7,8,8,6,8,7,6,7,6,5,4,8,5,8,8,6,7,8,7,7,4,7,6,6,6,8,8,8,6,7,8,5,9,4,6,7
rutledge,295,rutledge_295,9,7,6,8,9,7,8,6,5,4,5,6,3,7,4,8,7,6,7,7,6,7,5,8,6,6,6,6,8,6,7,7,8,8,9,8,9,7
rutledge,296,rutledge_296,10,7,6,8,8,7,8,6,5,4,5,6,3,7,4,8,7,6,7,6,7,7,5,8,6,6,7,6,5,6,6,7,7,8,9,8,9,7
rutledge,297,rutledge_297,10,6,7,8,8,6,8,5,6,7,4,6,3,7,4,7,8,5,7,6,6,7,5,8,6,6,6,7,8,7,5,6,9,7,9,8,7,7
rutledge,298,rutledge_298,10,6,7,8,8,6,8,5,6,7,4,6,3,7,4,7,8,5,8,7,6,7,5,8,6,6,6,7,7,7,6,6,8,7,9,8,9,7
rutledge,299,rutledge_299,9,7,6,7,9,7,8,3,2,7,4,5,4,6,4,8,9,6,8,7,7,6,5,8,5,6,7,7,5,6,6,7,9,9,9,9,8,6
rutledge,30,rutledge_30,10,7,7,8,8,7,8,4,3,7,5,6,7,6,5,8,9,6,7,8,7,7,5,8,6,7,7,7,8,7,5,6,9,5,9,8,7,7
rutledge,300,rutledge_300,9,7,6,6,9,7,8,3,2,7,4,6,5,6,4,7,9,6,8,7,6,6,5,8,6,7,7,7,5,6,7,7,9,9,9,9,8,6
rutledge,301,rutledge_301,9,7,6,7,8,7,8,5,4,7,5,6,6,6,4,7,8,7,7,8,6,7,5,7,6,6,6,6,7,6,6,7,9,6,9,8,7,7
rutledge,302,rutledge_302,9,7,6,7,8,7,8,5,4,7,5,6,6,7,4,7,8,6,7,8,6,6,5,7,6,7,7,8,7,7,6,8,9,6,9,8,7,7
rutledge,303,rutledge_303,10,8,6,8,7,8,7,4,3,5,4,5,4,7,3,7,8,5,6,7,6,8,7,7,6,7,7,6,6,7,5,6,5,4,6,4,7,3
rutledge,304,rutledge_304,10,8,6,7,8,8,7,4,3,6,5,5,6,7,4,7,8,5,6,7,6,8,6,7,6,7,7,6,7,7,5,6,5,4,3,4,6,2
rutledge,305,rutledge_305,10,8,6,7,8,8,7,4,3,6,4,7,2,6,4,7,8,6,7,8,6,6,5,8,6,6,7,7,8,6,7,7,7,8,9,8,9,7
rutledge,306,rutledge_306,10,8,6,7,8,8,7,4,3,7,5,6,2,6,5,7,8,6,6,7,6,6,5,8,6,6,7,7,8,6,6,7,7,8,9,8,9,7
rutledge,307,rutledge_307,9,7,6,8,9,7,8,4,3,7,5,7,6,5,4,7,8,5,7,8,6,6,5,8,5,6,6,7,8,6,5,7,5,1,2,3,4,5
rutledge,308,rutledge_308,10,7,6,8,7,6,8,4,3,7,5,7,6,5,5,8,8,6,7,8,6,6,5,8,5,6,6,7,8,6,6,7,5,1,2,3,4,5
rutledge,309,rutledge_309,9,8,6,7,8,7,7,4,3,7,5,6,6,7,5,7,8,6,7,8,6,7,5,7,6,6,6,8,7,7,6,8,8,6,7,6,7,3
rutledge,31,rutledge_31,9,8,6,7,8,7,7,5,4,7,6,6,5,6,5,7,8,6,8,7,7,8,7,7,6,7,7,6,5,7,6,6,8,6,7,6,7,7
rutledge,310,rutledge_310,10,8,7,8,8,7,8,6,5,7,6,7,8,8,5,8,8,6,7,8,7,7,5,8,6,6,7,7,7,7,6,8,9,6,9,8,7,7
rutledge,311,rutledge_311,9,6,6,8,7,6,7,4,6,5,4,5,6,5,4,7,8,5,6,7,6,8,5,7,6,7,7,6,5,6,6,7,9,7,9,9,8,4
rutledge,312,rutledge_312,10,7,7,8,5,7,6,4,3,6,5,7,2,6,3,7,8,5,7,8,6,7,5,7,6,6,6,8,8,7,7,6,9,8,9,8,7,3
rutledge,313,rutledge_313,10,7,6,6,8,7,8,5,4,6,5,6,7,6,5,6,8,7,7,7,6,6,5,8,6,7,7,7,7,6,6,7,8,8,9,7,8,7
rutledge,314,rutledge_314,10,6,7,8,8,6,8,5,7,6,4,6,3,7,5,7,8,6,8,7,6,6,5,7,6,6,6,8,7,7,5,6,9,4,8,7,8,3
rutledge,315,rutledge_315,9,8,7,8,6,8,6,6,7,5,4,5,3,6,4,7,8,6,6,7,6,7,5,8,6,7,7,6,5,7,6,6,9,7,9,8,9,3
rutledge,316,rutledge_316,9,5,7,8,5,5,6,5,4,6,5,7,4,8,3,8,8,6,7,8,7,8,5,7,6,7,7,7,8,7,5,6,5,1,2,3,4,2
rutledge,317,rutledge_317,10,6,7,8,5,5,5,6,5,3,4,5,2,7,3,5,6,7,6,7,6,8,3,5,5,5,5,6,6,7,5,6,8,6,8,9,7,4
rutledge,318,rutledge_318,10,5,7,8,6,5,6,4,5,7,4,6,3,8,2,7,8,5,7,6,6,8,4,7,6,6,6,6,8,7,5,6,9,6,8,9,8,4
rutledge,319,rutledge_319,9,7,6,8,7,7,7,5,4,5,6,6,3,7,4,7,8,6,6,7,6,7,5,6,6,6,6,7,8,6,6,7,7,6,9,8,9,3
rutledge,32,rutledge_32,10,7,7,8,8,7,8,7,5,7,6,7,8,7,5,8,8,6,8,7,7,7,5,7,6,6,6,8,8,7,5,6,9,7,9,8,7,7
rutledge,320,rutledge_320,10,7,6,7,9,6,8,5,4,6,6,7,5,7,4,8,8,6,7,8,7,6,5,8,6,6,7,7,8,6,5,7,6,3,5,4,7,2
rutledge,321,rutledge_321,10,7,7,8,8,7,8,5,4,7,6,6,4,7,5,8,8,6,8,7,7,7,5,8,6,6,7,7,7,7,6,8,9,7,9,8,9,7
rutledge,322,rutledge_322,10,7,6,8,7,6,7,5,4,7,6,6,7,7,5,8,8,7,7,8,6,6,5,7,6,6,7,8,5,7,6,6,5,1,2,3,4,5
rutledge,323,rutledge_323,9,7,7,8,8,7,8,5,4,7,5,6,4,7,7,7,8,7,8,7,6,7,5,7,6,6,7,8,8,7,5,6,9,7,9,9,8,7
rutledge,324,rutledge_324,10,6,7,8,6,5,6,4,5,6,7,6,5,8,7,7,8,6,7,8,6,7,5,6,6,6,6,8,7,7,5,6,7,4,5,4,6,3
rutledge,325,rutledge_325,10,8,7,8,6,8,6,4,5,7,6,7,6,8,5,8,8,6,8,7,7,7,5,7,6,6,6,8,7,7,6,8,7,4,5,4,6,7
rutledge,326,rutledge_326,10,7,8,9,6,7,6,4,6,5,4,7,6,8,5,6,8,6,8,7,7,8,4,5,5,6,6,7,7,8,5,6,9,5,6,7,8,3
rutledge,327,rutledge_327,10,8,7,8,6,8,6,6,5,7,6,6,4,8,4,7,8,6,6,7,5,8,5,7,6,6,7,6,8,7,6,6,7,6,7,8,9,3
rutledge,328,rutledge_328,10,7,7,8,8,6,8,5,4,5,6,7,6,8,5,7,8,5,7,8,6,8,4,6,5,6,6,7,8,7,5,6,7,6,9,8,9,3
rutledge,329,rutledge_329,9,7,6,7,8,7,8,5,4,6,5,7,4,7,5,8,7,6,7,8,7,7,5,7,6,6,7,8,5,6,6,7,5,4,2,3,4,5
rutledge,33,rutledge_33,10,8,6,7,8,8,7,4,3,7,5,6,4,6,5,7,8,6,7,6,5,6,5,8,7,7,7,7,6,6,5,7,8,7,9,9,8,7
rutledge,330,rutledge_330,9,8,7,8,9,7,8,3,4,7,5,6,5,6,2,8,9,7,8,7,6,7,4,7,6,6,6,8,8,7,6,8,6,2,3,4,5,2
rutledge,331,rutledge_331,10,7,6,7,8,6,7,3,4,6,4,6,5,7,3,6,7,5,7,6,5,6,5,7,6,6,7,8,7,6,6,7,7,3,5,4,6,8
rutledge,332,rutledge_332,10,5,6,7,6,4,7,3,2,6,4,5,5,6,3,7,8,5,7,6,6,6,4,8,6,6,6,7,7,6,5,5,4,1,2,3,4,5
rutledge,333,rutledge_333,9,6,7,8,5,6,6,5,4,7,5,6,4,7,3,7,8,6,6,8,7,8,4,6,6,6,6,7,8,7,6,6,8,5,7,6,7,3
rutledge,334,rutledge_334,10,6,7,8,6,5,6,7,6,7,6,8,5,8,4,7,8,6,6,8,7,8,4,6,5,6,6,7,8,7,6,6,6,2,3,4,7,2
rutledge,335,rutledge_335,10,6,6,8,7,5,7,4,2,6,5,7,4,7,3,7,8,7,7,8,6,7,4,6,5,6,6,7,6,7,5,6,5,2,4,3,4,2
rutledge,336,rutledge_336,10,7,7,8,6,7,6,4,5,3,4,7,5,8,3,7,8,5,6,7,6,8,4,6,6,6,6,7,8,7,6,6,7,6,8,7,8,4
rutledge,337,rutledge_337,9,7,5,6,8,8,8,5,3,6,4,6,5,7,2,7,8,7,7,8,6,6,5,8,6,7,7,7,5,6,6,7,9,7,8,8,9,6
rutledge,338,rutledge_338,9,7,6,7,8,6,7,2,3,5,4,6,4,7,3,7,8,6,6,7,7,7,4,7,6,6,6,6,8,6,6,7,5,2,3,4,7,2
rutledge,339,rutledge_339,10,7,7,8,5,7,6,6,5,4,5,7,6,7,3,7,8,5,6,8,6,8,4,6,5,6,6,5,8,7,5,6,7,2,3,4,6,2
rutledge,34,rutledge_34,10,7,7,8,8,6,8,4,3,7,5,6,7,2,5,8,9,7,8,7,7,6,4,8,5,6,6,7,7,7,5,6,9,7,8,9,8,7
rutledge,340,rutledge_340,9,8,6,8,7,7,7,3,4,6,5,7,4,8,5,7,8,7,8,7,6,8,4,6,5,6,6,7,8,7,5,6,6,3,5,4,7,2
rutledge,341,rutledge_341,9,6,7,8,5,6,5,4,5,3,4,6,5,7,4,5,7,6,6,7,6,8,4,5,5,6,6,7,6,7,5,6,6,2,3,4,5,4
rutledge,342,rutledge_342,10,7,7,7,8,6,8,5,6,7,4,6,3,7,4,8,8,6,8,7,6,7,5,8,6,6,7,7,7,7,6,8,9,6,9,8,7,7
rutledge,343,rutledge_343,10,5,7,8,6,5,6,6,7,4,5,6,3,7,3,7,8,6,7,8,7,8,4,5,5,6,6,7,8,7,6,5,9,6,9,8,7,4
rutledge,344,rutledge_344,10,8,7,9,6,8,6,3,5,4,6,7,5,8,4,6,7,5,6,8,7,8,4,5,5,6,6,7,8,7,7,6,5,2,3,4,6,2
rutledge,345,rutledge_345,9,6,7,8,6,5,6,3,4,6,5,7,6,8,5,7,8,5,7,8,6,8,5,6,5,6,6,7,7,8,5,6,7,2,3,4,6,4
rutledge,346,rutledge_346,10,7,7,9,6,7,6,4,3,6,5,7,6,7,5,8,8,6,7,8,7,8,4,6,5,6,6,8,8,7,5,6,5,2,3,4,6,3
rutledge,347,rutledge_347,10,7,7,8,8,7,8,4,5,7,6,7,5,7,8,8,9,6,8,7,7,7,5,8,6,6,7,7,8,7,5,6,8,6,7,8,9,7
rutledge,348,rutledge_348,10,6,7,8,8,6,8,5,6,4,5,7,3,7,4,8,7,6,8,7,8,7,5,8,6,6,6,7,8,7,6,6,8,7,9,9,8,7
rutledge,35,rutledge_35,10,7,6,8,8,7,8,4,3,7,5,7,6,6,5,8,9,7,8,8,7,8,5,8,6,7,7,7,7,7,6,8,9,7,8,9,8,7
rutledge,350,rutledge_350,10,7,7,8,8,7,8,5,4,6,5,7,4,7,8,8,8,6,7,8,7,8,4,6,5,6,6,7,8,8,6,7,5,7,3,4,6,2
rutledge,351,rutledge_351,10,7,6,8,8,7,8,5,6,4,5,6,3,7,7,8,8,7,7,8,6,6,5,7,6,6,7,8,8,7,6,8,7,8,9,8,9,7
rutledge,352,rutledge_352,10,7,7,8,8,6,8,6,5,4,6,7,5,7,5,8,8,6,8,7,8,7,4,8,5,6,6,7,8,8,6,7,7,2,3,4,5,2
rutledge,353,rutledge_353,9,7,6,7,8,7,8,5,3,7,4,6,6,5,5,8,8,6,8,7,7,6,5,8,6,7,7,7,8,7,6,6,9,7,8,7,8,7
rutledge,354,rutledge_354,9,7,6,6,8,7,8,4,5,6,5,6,3,7,5,6,8,7,8,7,7,6,5,7,6,7,7,6,7,6,6,7,6,9,8,7,8,6
rutledge,355,rutledge_355,9,8,6,7,8,8,7,6,4,7,6,5,7,8,5,8,8,6,6,7,7,8,5,7,6,6,7,6,7,7,6,8,5,4,6,4,7,7
rutledge,356,rutledge_356,10,8,6,8,7,8,7,5,4,7,5,6,4,6,5,7,8,6,7,8,6,6,5,7,6,6,6,8,5,6,7,7,8,7,9,9,8,3
rutledge,357,rutledge_357,10,8,7,8,5,7,6,4,3,6,5,7,5,6,8,8,9,7,8,8,7,6,5,7,6,7,7,8,8,7,5,6,8,7,9,7,6,9
rutledge,358,rutledge_358,9,7,7,8,5,6,6,5,4,6,5,6,5,7,5,7,8,6,6,8,7,8,5,6,6,6,6,7,6,7,5,6,6,4,3,4,5,3
rutledge,359,rutledge_359,10,7,6,7,8,7,8,4,5,7,6,7,4,6,8,6,8,7,7,8,7,7,5,8,6,6,6,7,5,7,6,6,9,7,8,9,8,7
rutledge,36,rutledge_36,10,6,7,8,8,6,8,5,6,7,6,7,8,7,5,8,9,7,8,7,7,7,4,6,6,6,6,8,7,8,6,7,7,3,5,4,6,2
rutledge,360,rutledge_360,10,7,7,8,5,7,6,4,5,7,4,6,7,7,3,8,9,7,7,8,6,7,4,7,6,6,6,8,8,7,5,6,9,6,7,8,7,3
rutledge,361,rutledge_361,10,8,7,8,6,7,6,6,7,4,5,6,5,7,3,7,8,6,7,8,6,8,4,7,6,6,6,6,6,7,5,6,9,7,8,9,8,3
rutledge,362,rutledge_362,9,8,7,8,6,8,6,6,7,4,5,5,3,6,4,7,8,7,7,8,6,8,5,6,6,6,6,7,5,7,6,6,9,6,9,8,7,3
rutledge,363,rutledge_363,10,8,6,7,9,8,8,6,5,8,6,7,7,7,4,8,8,6,7,8,7,7,4,8,6,6,7,7,7,7,6,8,9,6,9,8,7,7
rutledge,364,rutledge_364,10,7,7,8,5,7,6,4,5,6,5,6,4,7,3,7,8,6,8,7,6,7,4,7,6,6,6,8,8,7,6,6,9,7,9,8,7,3
rutledge,365,rutledge_365,10,6,7,8,5,6,5,6,5,3,4,6,4,8,2,6,5,7,6,8,7,8,3,4,4,5,5,6,5,7,6,6,9,7,9,9,8,4
rutledge,366,rutledge_366,10,8,7,8,6,8,6,5,4,6,5,7,6,7,4,7,8,6,7,8,7,8,4,6,6,6,6,7,8,7,6,8,8,7,9,9,8,3
rutledge,37,rutledge_37,10,7,7,8,9,6,8,4,5,7,6,7,6,7,8,8,9,7,8,8,7,7,4,7,6,6,7,8,7,7,6,8,9,6,8,7,8,7
rutledge,38,rutledge_38,10,6,7,8,7,6,7,4,3,6,5,7,6,6,4,7,8,6,8,7,8,7,5,7,6,6,6,8,7,8,6,7,8,5,9,7,6,3
rutledge,39,rutledge_39,10,7,6,8,8,6,8,4,5,7,6,6,5,7,4,7,8,7,7,8,6,7,5,7,6,6,7,8,7,7,5,6,5,3,5,4,6,2
rutledge,40,rutledge_40,10,5,6,8,7,5,7,5,4,7,6,5,3,6,4,7,8,7,7,8,6,6,5,7,6,6,6,8,5,6,6,7,9,7,8,9,8,3
rutledge,41,rutledge_41,9,8,6,7,8,8,7,4,5,4,5,4,3,6,2,6,8,7,7,8,7,7,4,6,6,6,6,7,5,6,7,8,9,9,8,9,8,6
rutledge,42,rutledge_42,10,7,7,8,8,7,8,3,4,7,4,6,5,6,5,7,8,6,8,7,8,7,4,7,6,6,6,8,7,7,6,8,9,8,9,8,7,7
rutledge,43,rutledge_43,10,7,6,7,8,7,8,6,5,7,6,7,4,7,5,8,8,6,8,7,7,7,4,8,5,6,6,7,8,7,6,8,9,8,9,8,7,7
rutledge,44,rutledge_44,10,8,7,9,6,7,6,4,5,5,4,6,3,7,5,7,8,7,7,8,6,8,4,6,5,6,6,7,8,7,6,6,9,6,9,8,7,3
rutledge,45,rutledge_45,10,6,7,8,8,6,8,5,6,7,6,7,6,7,5,8,9,7,8,8,7,7,5,7,6,6,7,8,6,7,5,6,9,6,8,7,8,7
rutledge,46,rutledge_46,10,7,6,8,8,6,8,5,4,7,4,6,3,8,5,8,9,6,8,7,8,8,4,8,7,6,7,7,7,7,6,8,9,8,9,7,8,7
rutledge,47,rutledge_47,10,5,8,9,7,4,6,1,2,2,1,5,4,6,2,7,5,8,8,8,9,7,3,4,4,5,5,5,6,7,6,5,4,8,5,6,7,1
rutledge,48,rutledge_48,10,8,7,8,6,7,6,6,5,7,6,6,4,7,4,7,8,6,7,8,6,7,4,7,6,6,6,8,8,7,6,6,8,7,9,8,9,3
rutledge,49,rutledge_49,9,8,7,8,6,8,6,6,5,4,6,5,3,4,4,6,8,5,7,6,5,8,5,7,6,7,7,6,6,7,5,6,9,6,7,8,7,3
rutledge,50,rutledge_50,9,7,6,8,5,7,5,4,5,6,4,6,3,5,5,7,8,5,6,7,6,8,4,7,6,6,6,6,6,7,5,6,9,6,9,8,7,4
rutledge,51,rutledge_51,9,8,6,8,7,8,8,4,3,7,5,6,7,6,5,8,8,6,7,8,7,6,5,7,6,7,7,8,8,6,7,8,6,3,5,4,7,7
rutledge,52,rutledge_52,10,7,7,8,5,6,6,5,4,6,5,6,4,6,5,7,8,6,7,8,7,8,5,7,6,6,6,8,8,7,5,6,6,4,5,4,7,3
rutledge,53,rutledge_53,10,6,7,8,9,6,8,5,6,7,4,8,7,6,5,8,8,6,8,7,7,7,5,8,6,6,7,7,8,8,6,7,9,7,6,7,8,7
rutledge,54,rutledge_54,9,8,6,7,8,7,7,5,4,6,5,6,7,5,6,7,8,6,6,7,5,8,5,7,6,7,7,6,5,6,6,7,8,7,9,7,8,7
rutledge,55,rutledge_55,10,5,6,8,7,5,7,6,5,4,7,6,5,8,7,8,7,6,7,8,7,7,4,6,6,6,6,8,7,7,5,6,9,6,8,7,8,3
rutledge,56,rutledge_56,9,8,6,7,6,8,7,5,4,6,4,6,5,5,7,6,8,6,7,8,7,7,5,7,6,6,7,8,7,7,5,6,9,7,9,8,7,3
rutledge,57,rutledge_57,9,8,6,7,8,7,7,6,4,5,6,5,3,5,4,8,7,6,7,8,6,7,5,7,6,6,6,6,7,6,6,5,9,7,9,9,8,3
rutledge,58,rutledge_58,10,6,7,8,8,6,8,7,6,5,7,6,4,6,8,8,8,6,8,7,7,7,5,8,6,7,7,7,8,7,5,6,9,8,9,8,7,7
rutledge,59,rutledge_59,10,8,7,8,6,8,6,6,7,5,6,7,4,6,3,7,8,7,7,8,6,8,4,6,6,6,6,7,8,7,5,6,9,7,8,9,8,3
rutledge,60,rutledge_60,9,7,7,8,5,6,6,4,5,7,6,6,7,5,5,7,8,6,8,7,6,7,5,8,6,6,7,7,6,7,5,6,7,4,3,4,5,4
rutledge,61,rutledge_61,10,6,7,8,5,6,6,6,4,7,5,6,4,7,3,7,8,5,6,7,6,7,5,7,6,6,7,8,8,7,5,6,9,7,9,8,9,3
rutledge,62,rutledge_62,10,8,7,8,6,8,6,4,5,7,6,8,5,7,7,8,8,6,7,8,7,7,5,7,6,6,6,8,8,8,6,7,9,6,9,8,7,3
rutledge,63,rutledge_63,10,7,7,8,5,7,6,6,4,7,5,8,6,5,6,8,8,7,7,8,6,7,5,6,5,6,6,8,8,7,5,6,9,7,9,8,9,3
rutledge,64,rutledge_64,10,8,7,8,8,7,8,4,3,6,4,5,4,6,3,8,8,6,7,8,7,6,5,7,6,6,7,8,8,7,8,6,8,7,9,9,8,7
rutledge,65,rutledge_65,10,7,7,8,8,6,8,4,5,6,5,7,4,6,4,8,8,7,8,7,6,7,4,7,6,6,6,8,8,7,5,6,8,4,9,8,9,7
rutledge,66,rutledge_66,9,8,7,8,6,8,6,4,5,6,4,5,6,7,5,6,8,7,6,8,7,8,5,7,6,7,7,6,7,7,6,8,9,7,9,8,9,3
rutledge,67,rutledge_67,10,7,8,9,6,7,6,4,3,5,2,6,5,5,5,8,8,7,7,8,6,7,4,5,5,6,6,8,8,7,5,6,9,5,9,9,8,3
rutledge,68,rutledge_68,9,8,6,7,8,8,7,5,4,6,4,6,3,4,3,6,8,7,7,8,6,7,5,6,6,6,6,8,6,6,5,7,9,6,9,8,7,3
rutledge,69,rutledge_69,9,7,7,8,5,7,5,6,4,7,5,7,8,6,4,7,8,7,7,8,6,8,5,6,6,6,6,8,7,8,6,7,7,3,5,4,6,3
rutledge,70,rutledge_70,10,7,6,8,9,7,8,4,5,7,6,6,7,5,5,7,8,7,7,8,6,8,5,8,6,6,6,7,7,7,6,8,9,7,8,7,8,7
rutledge,71,rutledge_71,10,8,7,8,6,7,6,5,4,6,5,7,4,6,7,8,8,6,7,8,7,7,5,7,6,6,6,8,8,7,6,8,9,8,9,8,7,3
rutledge,72,rutledge_72,10,8,6,8,5,7,5,4,6,5,4,7,5,5,7,6,8,5,7,8,6,7,4,7,6,6,7,8,8,8,6,7,9,6,9,8,7,3
rutledge,73,rutledge_73,10,6,7,8,8,5,8,4,6,7,5,7,4,8,7,8,8,6,8,7,7,8,5,8,6,7,7,7,8,7,6,6,9,8,9,9,8,7
rutledge,74,rutledge_74,10,8,7,8,6,8,6,4,5,7,6,7,5,6,6,6,8,5,6,8,7,8,5,7,5,6,6,8,8,7,6,8,9,7,9,8,9,3
rutledge,75,rutledge_75,9,8,6,8,7,7,7,4,6,7,5,6,7,4,8,6,8,7,7,8,7,7,5,7,6,6,6,8,6,7,5,6,8,7,8,7,6,3
rutledge,76,rutledge_76,10,8,7,8,6,7,6,6,7,5,6,5,3,4,5,7,8,6,7,6,6,8,4,6,6,6,6,7,7,7,5,6,9,7,8,8,9,3
rutledge,77,rutledge_77,10,7,6,7,9,7,8,4,2,6,4,5,3,7,4,8,8,6,8,7,7,6,4,8,6,6,6,7,7,6,8,7,7,6,8,9,8,6
rutledge,78,rutledge_78,10,7,6,8,9,7,8,6,7,5,6,7,4,6,5,8,9,7,8,8,7,7,5,7,6,6,7,8,7,7,6,8,8,7,9,9,8,7
rutledge,79,rutledge_79,10,6,7,8,8,6,8,5,4,7,5,6,4,3,4,8,8,7,7,8,6,7,5,8,6,6,7,7,8,7,5,6,9,6,9,8,7,7
rutledge,80,rutledge_80,10,8,6,7,8,8,7,5,4,7,5,6,6,6,7,8,8,5,8,7,6,7,6,7,7,7,7,8,6,7,5,6,9,7,8,7,8,7
rutledge,81,rutledge_81,10,8,6,8,7,8,7,4,5,6,4,7,6,6,4,7,6,5,6,7,6,8,4,6,6,6,6,7,6,7,5,6,5,2,2,3,4,5
rutledge,82,rutledge_82,10,7,7,8,8,7,8,4,5,6,5,7,4,6,3,7,8,7,7,8,6,7,5,7,6,6,6,8,8,7,5,6,9,7,9,9,8,3
rutledge,83,rutledge_83,10,8,7,9,6,8,6,4,5,6,5,6,4,5,4,7,8,5,7,8,6,8,4,7,5,6,6,8,8,8,6,7,5,4,3,4,6,3
rutledge,84,rutledge_84,10,7,7,8,8,6,8,5,6,7,4,7,6,8,4,8,8,6,7,8,7,7,5,7,6,6,6,8,8,8,6,7,9,7,9,9,8,7
rutledge,85,rutledge_85,9,8,7,8,5,7,6,4,5,7,4,6,6,5,5,7,8,5,6,7,6,6,5,7,6,6,6,8,6,7,5,6,9,6,8,7,8,3
rutledge,86,rutledge_86,9,7,7,8,8,7,8,6,5,7,6,6,8,5,8,8,9,7,7,8,8,8,6,7,7,7,7,8,8,7,6,8,9,7,9,8,9,7
rutledge,87,rutledge_87,9,8,7,8,6,8,6,5,7,6,4,6,7,5,8,7,8,6,8,7,8,7,5,6,6,6,7,8,6,7,5,6,9,6,9,8,7,3
rutledge,88,rutledge_88,10,6,7,8,8,5,8,5,6,4,5,7,6,5,5,7,8,6,7,8,6,8,4,7,6,6,6,6,8,7,5,6,6,3,5,4,7,2
rutledge,89,rutledge_89,9,7,7,8,5,7,6,6,5,7,4,6,4,5,5,7,8,6,7,8,6,8,6,7,7,7,7,8,8,7,6,6,9,6,8,7,8,3
rutledge,90,rutledge_90,10,8,6,8,7,8,7,4,3,7,5,6,6,5,7,7,8,6,6,8,6,8,5,7,6,6,6,6,8,7,6,8,9,6,9,8,7,3
rutledge,91,rutledge_91,10,8,6,7,8,8,7,5,4,6,5,6,3,6,2,7,8,6,6,7,5,7,5,6,6,6,6,7,8,6,6,7,8,9,7,9,8,3
rutledge,92,rutledge_92,9,8,7,8,6,7,6,4,6,5,4,6,3,7,5,6,8,6,7,8,7,8,5,6,6,6,6,7,7,7,5,6,8,7,9,8,9,3
rutledge,93,rutledge_93,10,6,7,8,7,6,8,5,4,7,6,7,8,6,5,8,8,6,7,8,7,6,4,7,6,6,6,8,8,7,5,6,9,6,8,7,8,3
rutledge,94,rutledge_94,10,6,8,9,5,6,5,3,5,4,4,7,6,8,9,6,7,6,7,8,6,8,4,4,4,5,5,7,7,8,6,5,7,5,3,4,6,4
rutledge,95,rutledge_95,5,5,6,7,3,5,4,2,3,4,2,3,1,5,2,3,5,4,4,6,4,7,6,4,4,5,5,5,5,7,4,5,7,3,5,4,6,1
rutledge,96,rutledge_96,8,5,7,8,3,5,4,2,3,4,2,3,2,6,2,4,5,6,5,7,5,8,4,3,3,4,4,5,5,7,4,5,7,3,6,4,5,1
rutledge,97,rutledge_97,10,6,7,8,4,5,5,4,6,3,2,5,4,7,5,5,7,5,6,8,6,8,3,4,4,5,5,7,6,7,4,5,9,4,9,8,6,4
rutledge,98,rutledge_98,9,6,8,9,4,6,5,4,6,3,4,6,5,7,8,6,8,5,7,8,6,8,3,4,4,5,5,6,6,8,4,5,9,6,9,8,7,4
rutledge,99,rutledge_99,9,5,8,9,3,5,4,6,7,3,2,4,2,7,4,4,5,6,5,7,4,8,4,3,4,5,4,5,6,7,4,5,9,6,10,9,7,1
solle,01,solle_01,7,7,5,2,5,8,6,3,2,6,4,3,5,2,3,6,8,4,5,8,7,8,6,4,4,5,5,7,6,5,4,7,7,4,5,4,6,1
solle,02,solle_02,8,7,6,5,8,7,8,3,2,7,4,6,7,4,3,8,9,6,8,7,8,6,5,8,5,6,6,7,7,6,5,8,5,4,3,2,4,5
solle,03,solle_03,7,6,5,5,7,6,7,5,4,5,6,4,2,1,2,6,8,7,8,7,7,6,4,6,5,5,6,7,4,5,5,6,7,9,9,8,9,6
solle,04,solle_04,7,7,6,5,8,7,8,6,5,7,6,4,3,4,4,7,8,6,7,8,6,7,5,7,6,6,7,8,5,6,7,8,9,8,9,8,9,7
solle,05,solle_05,7,6,5,6,8,7,7,3,2,5,2,4,2,5,1,5,7,8,7,6,8,5,4,7,5,5,6,6,4,5,6,7,6,8,9,8,7,6
solle,06,solle_06,8,4,6,5,4,5,5,3,2,6,4,5,7,4,2,5,8,4,5,6,6,6,4,5,4,5,5,7,5,6,4,5,5,1,4,3,4,1
solle,07,solle_07,8,6,5,4,8,6,7,4,2,5,3,4,1,2,1,6,8,7,6,8,7,6,4,5,5,5,5,7,4,6,5,7,9,8,9,8,7,6
solle,08,solle_08,7,8,5,6,8,9,7,6,4,7,5,5,4,3,2,6,8,5,7,8,6,5,4,7,5,6,6,6,4,6,5,8,6,8,5,4,7,6
solle,09,solle_09,8,8,6,6,8,7,7,4,3,6,5,4,7,2,2,6,8,4,6,7,5,7,4,5,5,5,5,7,4,6,5,7,6,5,4,3,4,5
solle,10,solle_10,8,8,6,6,8,8,7,4,6,7,5,4,6,3,5,6,8,7,7,8,6,6,5,7,6,7,7,8,4,6,5,7,9,4,9,7,8,3
solle,11,solle_11,7,7,6,5,8,7,8,5,3,7,6,5,6,4,2,7,9,6,8,7,8,6,5,8,6,6,7,7,7,6,5,8,5,6,2,3,4,5
solle,12,solle_12,7,7,6,6,8,7,8,6,5,7,6,5,7,3,4,7,8,6,8,7,8,6,5,7,6,6,6,8,4,6,5,7,7,4,5,4,6,5
solle,13,solle_13,6,8,6,5,8,7,7,4,5,4,3,5,2,4,3,7,8,8,7,8,7,6,4,7,5,6,6,8,5,5,6,7,9,7,9,9,8,6
solle,14,solle_14,7,7,6,6,8,7,8,5,4,7,6,7,7,5,4,7,9,6,8,7,8,7,5,8,6,6,7,7,5,7,6,8,8,5,6,4,7,7
solle,15,solle_15,7,7,5,5,8,7,8,5,6,7,6,5,6,4,3,6,8,6,7,8,7,6,5,7,6,6,7,8,4,6,5,7,4,5,2,3,6,5
solle,16,solle_16,6,7,5,4,8,7,8,3,2,7,3,5,6,4,4,6,9,7,7,8,8,5,4,6,4,5,5,7,4,6,5,8,5,3,8,2,4,5
solle,17,solle_17,8,7,6,5,8,7,7,4,3,6,4,5,5,4,3,7,8,5,7,8,6,6,5,7,6,6,6,8,5,6,6,7,9,6,8,7,8,6
solle,18,solle_18,8,8,7,8,6,8,6,5,3,6,4,6,5,4,3,6,8,7,7,8,7,8,4,5,5,6,6,7,5,6,6,7,9,8,9,8,9,3
solle,19,solle_19,9,7,6,6,9,7,8,4,5,6,5,7,6,5,6,8,9,7,8,7,6,7,4,7,6,6,6,8,8,7,6,8,9,7,9,9,8,7
solle,20,solle_20,7,8,6,6,8,8,7,4,5,7,4,5,5,3,4,7,8,7,8,7,6,7,6,7,7,7,7,8,6,6,5,7,9,8,9,8,9,6
solle,21,solle_21,8,8,5,5,8,8,8,6,5,7,6,7,4,2,5,7,8,6,8,7,8,6,5,8,7,7,8,7,7,5,6,8,6,8,9,8,7,7
solle,22,solle_22,7,6,5,5,7,6,7,4,2,6,3,5,4,4,2,6,8,7,6,8,7,5,4,7,5,5,6,6,4,5,6,6,8,6,9,8,7,6
solle,23,solle_23,9,7,6,6,8,8,8,5,6,7,6,5,7,4,8,7,9,6,8,7,8,7,6,7,6,7,7,8,4,6,5,7,8,6,7,8,9,7
solle,24,solle_24,6,7,6,5,8,7,8,4,6,7,5,6,5,4,8,7,9,6,8,7,8,6,7,8,6,7,8,7,5,6,7,8,7,8,9,8,9,7
solle,25,solle_25,8,7,5,5,8,8,8,4,2,7,5,6,7,4,3,6,8,5,8,7,7,6,8,7,6,7,7,6,4,6,5,8,4,6,4,3,5,5
solle,26,solle_26,9,8,6,6,8,8,8,6,7,5,6,7,6,4,8,8,8,6,8,7,7,6,5,8,6,7,7,7,4,6,5,8,9,7,9,8,9,7
solle,27,solle_27,7,8,7,7,8,8,8,4,6,7,3,5,6,4,8,7,8,6,7,8,6,7,6,8,6,7,7,7,5,6,6,7,9,8,9,8,9,7
solle,28,solle_28,7,7,6,6,8,7,8,6,5,7,6,5,6,3,5,7,9,7,8,8,7,7,5,6,6,6,7,8,4,6,5,8,6,9,8,7,8,7
taylor,01,taylor_01,7,6,5,7,8,6,8,4,5,4,5,6,5,6,3,6,7,6,8,7,8,5,5,7,5,6,6,6,7,5,6,6,3,5,3,4,6,5
taylor,02,taylor_02,7,7,5,6,9,7,8,4,3,5,4,6,2,4,3,6,7,5,7,6,8,5,5,7,6,6,6,6,5,5,7,6,6,5,7,8,9,6
taylor,03,taylor_03,7,6,5,5,8,7,7,2,1,4,3,4,2,3,2,7,8,5,7,6,8,6,4,7,5,6,6,6,6,5,7,6,6,7,8,7,8,6
taylor,04,taylor_04,7,7,6,7,8,6,8,5,4,6,7,6,4,3,4,6,7,5,7,6,8,6,4,8,5,6,6,7,5,6,6,7,5,4,3,4,7,5
taylor,05,taylor_05,7,8,6,7,8,7,7,5,3,7,4,6,2,2,4,8,7,6,7,8,7,6,4,6,6,6,6,8,5,6,6,7,8,7,9,9,8,6
taylor,06,taylor_06,9,7,5,6,8,7,8,3,2,4,3,5,6,5,4,5,6,4,6,5,7,6,4,6,5,6,6,7,5,6,6,7,3,5,3,6,4,8
taylor,07,taylor_07,7,6,7,8,8,6,8,5,3,4,5,6,2,4,3,7,8,6,7,8,8,5,4,7,6,5,6,6,5,6,7,7,7,8,7,8,9,6
taylor,08,taylor_08,7,5,6,7,8,5,7,3,2,5,4,5,3,6,4,5,6,4,6,5,7,6,4,6,6,6,6,7,5,6,6,5,7,6,7,8,9,8
taylor,09,taylor_09,7,7,5,6,8,7,8,4,2,5,4,5,3,6,4,7,6,5,7,6,8,7,4,7,6,6,6,6,5,6,6,7,6,7,5,7,8,6
taylor,10,taylor_10,8,6,6,7,8,5,7,3,2,5,4,6,4,5,4,7,8,6,8,7,8,6,5,7,6,6,6,8,5,6,6,7,9,6,9,8,7,6
taylor,100,taylor_100,8,7,7,7,8,6,8,2,1,6,2,5,4,3,2,6,8,6,7,8,8,7,4,5,5,6,6,8,5,6,6,7,9,7,9,8,9,6
taylor,101,taylor_101,9,7,6,7,8,7,7,3,2,5,3,6,5,4,2,7,8,6,8,7,8,6,3,7,6,5,6,8,5,7,6,6,9,8,9,8,7,6
taylor,102,taylor_102,9,4,5,7,5,3,6,4,3,2,2,3,1,4,1,4,5,4,6,5,6,6,2,4,4,4,4,5,5,6,4,5,8,6,10,9,5,1
taylor,103,taylor_103,9,7,6,8,9,7,8,3,2,7,4,6,5,7,2,6,8,6,8,7,8,7,4,7,6,6,6,5,6,6,7,8,7,8,9,8,9,6
taylor,104,taylor_104,6,6,5,7,8,6,7,4,2,6,3,5,4,5,2,7,8,8,8,7,8,6,4,6,6,5,6,7,5,6,6,7,6,5,9,8,7,6
taylor,105,taylor_105,9,6,5,7,8,5,7,3,2,4,3,5,4,5,1,6,8,7,7,8,8,6,3,6,6,5,5,5,6,6,5,7,6,5,7,8,7,6
taylor,106,taylor_106,9,7,6,8,9,8,8,3,2,7,4,6,5,6,2,7,9,6,8,7,9,7,5,6,6,6,6,7,7,6,8,7,7,8,9,8,9,6
taylor,107,taylor_107,7,7,6,7,8,7,8,3,2,6,4,5,7,4,5,7,8,6,8,7,9,5,4,7,5,6,6,6,4,6,5,7,7,6,5,4,6,5
taylor,108,taylor_108,9,7,6,6,8,7,8,4,5,7,6,6,8,3,8,7,8,6,8,7,9,6,5,7,5,6,6,8,6,6,5,7,6,9,9,7,8,6
taylor,109,taylor_109,9,8,5,7,8,8,8,4,3,5,4,6,7,6,3,7,7,6,8,7,9,7,5,7,6,6,7,6,5,6,7,8,5,6,3,4,8,6
taylor,11,taylor_11,7,6,5,7,8,5,7,4,3,6,4,5,3,5,4,6,7,5,7,6,8,5,4,6,6,5,6,7,5,6,6,7,5,6,7,4,6,8
taylor,110,taylor_110,7,8,6,6,8,7,8,4,3,5,4,5,3,4,4,7,8,6,7,8,8,6,4,7,5,5,6,6,5,5,6,7,6,8,9,7,8,6
taylor,111,taylor_111,8,8,5,6,9,8,8,2,1,6,2,5,4,5,4,7,8,6,8,7,8,5,6,8,6,6,7,7,5,6,6,8,9,8,9,8,9,6
taylor,112,taylor_112,9,7,5,7,9,7,8,4,5,6,4,5,3,6,5,6,8,7,8,7,8,6,5,8,6,7,7,7,6,6,7,8,7,8,9,8,9,6
taylor,113,taylor_113,9,8,5,5,8,7,8,2,1,3,1,4,2,3,2,7,6,7,7,8,9,4,3,8,4,4,4,5,4,5,7,8,8,9,9,10,9,6
taylor,114,taylor_114,9,7,5,6,8,7,8,3,2,5,3,4,2,5,5,7,8,6,8,7,9,5,3,8,4,5,5,6,6,5,7,8,3,7,8,9,4,6
taylor,115,taylor_115,8,8,5,6,9,8,8,3,2,4,3,4,2,5,3,7,8,6,8,8,9,6,4,8,5,6,6,5,4,5,6,7,4,9,7,9,8,6
taylor,116,taylor_116,6,7,6,7,8,7,8,5,6,4,5,6,7,5,5,7,8,5,7,6,8,6,5,6,6,6,7,7,6,6,5,7,5,7,3,4,6,5
taylor,117,taylor_117,9,8,5,6,8,8,7,5,6,4,5,6,3,7,5,6,7,5,7,6,8,6,5,7,6,6,7,8,6,6,5,7,5,4,6,4,7,8
taylor,118,taylor_118,7,7,5,6,8,7,8,6,5,4,6,7,8,6,5,6,7,5,7,6,8,7,5,7,6,7,7,6,5,6,7,7,3,5,3,4,6,8
taylor,119,taylor_119,7,8,5,6,8,8,7,5,6,7,4,6,5,5,7,6,8,6,7,8,8,6,5,7,6,6,7,8,5,6,8,7,8,6,9,7,8,6
taylor,12,taylor_12,6,5,6,7,8,5,7,4,3,5,4,5,2,5,3,7,8,6,8,7,8,5,4,6,5,5,6,7,4,6,6,5,9,7,9,8,7,6
taylor,120,taylor_120,6,7,5,6,8,7,8,6,5,7,6,7,8,7,5,7,8,6,8,7,9,6,5,8,6,7,7,7,8,6,6,7,4,7,4,3,5,5
taylor,121,taylor_121,5,8,5,6,8,7,7,5,6,4,5,6,7,5,7,6,8,5,7,6,8,6,5,7,6,6,7,6,6,6,5,7,5,4,2,3,4,5
taylor,122,taylor_122,6,8,5,6,9,8,8,3,2,5,4,4,6,4,5,6,7,5,7,6,8,6,5,6,6,7,7,7,4,5,7,8,6,9,8,7,8,6
taylor,123,taylor_123,9,7,6,8,9,6,8,5,6,4,5,6,7,7,5,7,8,6,8,7,9,7,4,7,6,6,6,6,8,6,6,7,5,7,5,4,6,2
taylor,124,taylor_124,5,8,5,6,8,8,7,4,5,3,4,5,2,6,7,6,5,4,6,5,8,6,5,7,6,6,7,6,5,6,7,8,5,4,6,4,7,8
taylor,125,taylor_125,6,8,6,6,7,8,7,6,4,7,5,5,4,5,5,6,8,5,6,7,8,6,7,7,6,7,7,8,5,6,6,7,8,7,9,8,9,3
taylor,126,taylor_126,6,8,6,7,8,8,7,4,3,5,4,6,7,5,4,6,7,5,7,6,8,7,4,6,5,6,6,5,6,6,5,7,4,5,2,3,4,5
taylor,127,taylor_127,9,7,5,6,8,7,8,5,6,4,5,5,7,5,5,6,7,5,7,6,8,6,6,7,6,7,7,5,4,6,5,7,4,5,2,3,4,5
taylor,128,taylor_128,6,7,5,6,8,8,8,4,5,7,4,6,7,5,7,6,8,6,8,7,8,6,7,8,6,7,7,7,4,6,5,7,5,3,2,3,4,5
taylor,129,taylor_129,6,7,6,7,8,7,8,5,4,6,5,6,7,6,7,7,6,5,7,6,8,5,4,7,5,6,6,6,5,6,7,8,2,5,2,3,4,5
taylor,13,taylor_13,7,7,5,6,9,7,8,4,2,6,4,7,5,3,3,6,8,5,7,8,7,6,5,7,6,6,6,8,5,6,8,7,3,5,3,4,6,2
taylor,130,taylor_130,7,6,5,7,8,6,7,5,3,4,5,6,4,7,4,6,7,5,7,6,8,7,4,6,6,6,6,5,8,6,7,7,5,7,5,4,6,8
taylor,131,taylor_131,5,7,6,7,8,7,8,4,3,7,5,6,8,5,5,6,8,5,8,7,8,6,5,8,6,6,7,7,5,5,6,7,6,7,8,7,8,6
taylor,132,taylor_132,5,6,5,5,8,7,7,3,2,5,4,4,2,3,4,6,8,5,6,7,8,5,4,8,5,6,6,6,6,5,7,6,7,8,9,8,9,6
taylor,133,taylor_133,8,7,6,6,9,7,8,4,3,5,6,5,4,4,3,7,7,5,7,6,8,5,5,7,5,6,6,6,5,6,6,7,3,5,3,4,6,5
taylor,134,taylor_134,9,7,6,7,8,7,8,4,3,5,4,6,5,4,3,7,6,5,7,6,8,5,4,6,5,5,6,8,5,6,6,7,3,6,5,4,7,5
taylor,135,taylor_135,9,8,5,6,8,8,7,5,4,7,5,6,7,3,4,6,8,5,7,6,7,6,5,7,5,6,6,8,5,6,6,7,8,7,9,8,9,6
taylor,136,taylor_136,9,8,6,7,9,8,8,4,5,6,5,6,4,7,4,7,7,5,7,6,8,7,5,7,6,6,7,6,8,6,7,8,4,8,5,7,6,6
taylor,137,taylor_137,5,8,6,6,8,8,7,3,2,6,4,5,4,5,3,7,8,5,7,6,8,6,5,7,6,6,6,6,5,6,6,7,9,8,9,8,7,6
taylor,138,taylor_138,7,7,6,6,8,7,8,6,4,7,5,6,5,4,3,7,8,5,7,6,8,5,4,7,6,6,7,6,5,6,6,7,6,3,5,4,7,5
taylor,139,taylor_139,6,7,5,6,8,7,8,4,3,5,4,5,6,3,2,7,6,5,7,6,8,5,4,7,5,6,6,6,4,5,6,7,4,6,2,3,5,5
taylor,14,taylor_14,9,7,6,7,8,7,8,4,5,6,4,7,3,6,3,6,7,5,8,7,8,7,5,7,6,6,6,6,5,6,8,7,7,6,7,8,9,6
taylor,140,taylor_140,6,7,5,6,8,7,8,4,3,6,5,6,2,7,4,7,8,6,8,7,8,6,5,8,6,7,7,7,6,6,5,7,6,7,8,7,8,6
taylor,141,taylor_141,7,6,6,7,8,5,7,5,4,5,6,7,4,6,3,6,7,5,7,6,8,6,4,7,6,6,6,6,7,6,5,7,4,1,2,3,4,5
taylor,142,taylor_142,6,7,5,6,8,7,8,4,2,5,3,6,3,5,4,6,7,5,7,6,8,5,4,8,5,6,6,6,6,5,6,7,4,5,6,7,8,8
taylor,143,taylor_143,9,7,6,7,8,6,8,6,5,4,5,7,6,6,3,8,7,6,8,7,9,8,4,7,6,6,6,6,7,6,5,7,4,5,2,3,4,5
taylor,144,taylor_144,9,7,5,7,8,6,8,3,4,5,4,6,7,6,3,7,7,5,8,6,8,6,5,7,5,6,6,6,7,6,5,7,5,4,3,4,6,5
taylor,145,taylor_145,9,6,5,7,8,6,8,4,5,4,3,6,2,7,4,6,5,5,7,6,8,7,4,7,5,6,6,6,5,6,6,7,3,5,3,4,6,8
taylor,146,taylor_146,8,8,5,6,8,8,8,3,2,7,4,6,5,5,4,8,9,7,8,7,8,6,4,8,6,6,6,7,7,6,7,8,6,3,5,4,7,6
taylor,147,taylor_147,9,7,5,6,8,7,8,3,2,6,3,5,4,2,4,6,7,5,7,6,8,6,4,7,5,6,6,6,5,6,7,7,6,7,8,7,8,6
taylor,148,taylor_148,7,7,5,6,8,7,8,4,6,7,5,5,4,5,5,7,8,6,8,7,8,6,5,8,6,7,7,7,5,6,7,7,6,2,4,8,7,6
taylor,149,taylor_149,7,6,5,7,8,5,7,5,2,6,4,6,7,7,3,6,7,5,7,6,8,5,6,7,6,6,7,6,4,5,6,6,3,5,3,4,6,8
taylor,15,taylor_15,7,7,6,7,8,6,8,4,3,6,5,5,4,4,4,7,6,5,7,6,8,5,4,6,5,5,6,7,4,5,6,6,6,9,8,7,8,6
taylor,150,taylor_150,9,8,5,6,8,8,7,5,4,6,5,7,6,7,4,6,7,5,7,6,8,7,5,7,6,6,6,6,7,6,6,7,5,6,3,4,7,5
taylor,151,taylor_151,10,7,6,8,8,7,8,3,4,5,4,6,2,8,5,7,7,6,8,7,9,8,4,7,5,6,6,5,6,6,5,7,6,8,9,8,7,6
taylor,152,taylor_152,8,7,6,7,8,6,7,3,4,5,4,6,2,7,3,6,7,4,6,5,7,6,4,6,6,6,6,7,6,5,4,6,2,3,2,3,4,8
taylor,153,taylor_153,9,6,7,8,6,5,6,3,4,5,4,6,4,7,4,7,7,5,7,6,8,8,4,6,5,6,6,5,7,6,5,5,4,5,4,3,4,4
taylor,154,taylor_154,7,6,5,6,8,5,7,4,3,6,4,5,3,4,5,5,6,4,7,6,8,5,4,7,5,6,6,6,6,6,5,7,3,5,3,4,6,8
taylor,155,taylor_155,9,7,5,7,9,6,8,5,4,5,6,4,3,7,4,6,7,5,7,6,8,7,4,5,5,6,6,6,5,6,6,7,6,8,9,8,7,6
taylor,156,taylor_156,9,6,6,8,9,5,8,4,6,4,5,5,3,6,5,7,6,4,6,5,8,8,4,5,6,6,6,7,7,6,4,5,8,8,9,8,7,4
taylor,157,taylor_157,9,7,6,8,9,6,8,5,4,6,5,6,4,7,3,7,8,6,8,7,8,6,4,7,5,6,6,6,8,6,7,7,5,8,6,4,7,6
taylor,158,taylor_158,9,7,6,7,8,7,7,4,3,6,5,6,5,4,5,7,7,5,7,6,8,7,5,7,6,6,7,6,6,6,5,7,4,3,2,3,5,5
taylor,159,taylor_159,9,7,6,7,8,7,8,5,4,6,5,6,3,4,4,7,8,5,8,7,8,7,5,8,6,7,7,6,5,6,7,7,5,4,3,4,7,6
taylor,16,taylor_16,7,7,6,7,8,7,8,5,4,6,5,6,3,6,4,8,7,6,8,7,7,5,6,8,6,7,7,7,4,5,7,6,7,6,9,8,9,6
taylor,160,taylor_160,7,7,6,8,7,6,7,3,4,5,4,5,6,4,3,5,6,4,6,7,8,8,4,5,5,6,6,7,5,6,5,7,5,1,2,3,4,1
taylor,161,taylor_161,9,7,6,8,9,7,8,4,3,6,4,7,5,7,4,7,8,6,8,7,8,7,4,8,6,6,6,7,8,6,8,7,3,7,3,4,6,2
taylor,162,taylor_162,9,7,6,7,9,7,8,4,3,5,6,5,7,6,4,7,6,5,7,6,8,6,5,7,6,6,7,8,8,6,6,7,3,4,2,4,5,5
taylor,163,taylor_163,6,6,6,7,8,6,7,4,3,5,6,5,4,6,4,6,5,5,7,6,7,6,5,7,6,6,6,6,4,6,5,7,2,5,2,3,4,8
taylor,164,taylor_164,9,7,5,7,8,6,8,3,4,5,4,6,3,7,7,7,7,6,8,7,9,8,6,7,6,7,7,5,6,6,7,5,5,7,3,4,6,6
taylor,165,taylor_165,7,6,5,7,8,5,7,4,5,5,4,6,7,5,3,5,7,4,6,5,7,6,5,6,6,6,6,7,5,5,4,6,3,2,1,2,3,5
taylor,166,taylor_166,7,8,6,7,8,7,7,4,3,5,4,6,2,6,3,5,6,4,6,7,8,6,4,6,6,6,6,7,5,6,6,7,5,2,3,4,6,8
taylor,167,taylor_167,7,7,6,7,8,7,7,5,4,7,5,6,4,5,6,6,7,5,7,6,8,7,4,6,5,6,6,5,5,6,6,5,5,7,4,4,6,8
taylor,168,taylor_168,6,8,6,6,8,7,7,4,3,5,4,5,2,6,7,7,8,6,8,7,9,7,5,7,6,7,7,6,5,6,7,7,5,7,3,4,6,6
taylor,169,taylor_169,10,8,5,6,8,7,7,4,3,2,3,5,2,6,2,7,6,8,6,7,8,6,4,5,5,5,6,7,7,6,5,8,6,8,8,9,7,6
taylor,17,taylor_17,7,5,7,8,6,5,6,4,3,5,4,5,6,2,4,6,8,5,7,8,8,6,4,6,5,5,5,7,5,6,4,5,5,2,4,3,4,1
taylor,170,taylor_170,9,7,6,7,9,7,8,3,4,5,4,6,2,5,4,7,8,6,8,7,8,7,4,7,6,6,6,6,5,6,6,7,7,8,7,8,9,6
taylor,171,taylor_171,7,7,5,6,8,7,8,4,5,6,3,7,5,6,4,7,6,5,7,6,8,7,4,8,6,6,7,6,5,6,6,7,3,6,3,4,5,5
taylor,172,taylor_172,7,7,5,6,8,7,8,4,3,6,5,7,8,5,5,7,7,6,8,7,9,5,7,8,6,7,7,6,4,6,5,7,3,3,1,2,4,5
taylor,18,taylor_18,8,7,6,7,8,6,8,5,6,4,5,6,3,2,4,7,7,6,8,7,9,6,4,6,5,6,6,7,6,6,5,7,7,8,9,8,9,6
taylor,19,taylor_19,8,6,6,7,8,6,8,3,2,5,4,6,4,6,3,6,7,5,7,6,8,7,4,7,6,6,6,6,6,6,7,5,6,9,9,7,8,6
taylor,20,taylor_20,6,6,5,6,8,5,7,4,3,5,4,6,2,5,3,5,6,4,5,6,7,5,4,6,6,5,6,7,5,6,6,7,3,5,3,4,6,8
taylor,21,taylor_21,7,5,6,7,8,4,7,4,2,5,4,6,7,5,3,6,7,5,7,6,7,7,4,6,6,6,6,7,6,6,4,5,4,4,2,3,5,5
taylor,22,taylor_22,9,7,6,6,8,7,7,5,4,6,5,4,6,3,3,7,8,6,7,7,8,6,5,6,6,6,6,7,6,6,5,7,8,7,9,7,5,5
taylor,23,taylor_23,9,7,6,7,9,6,8,4,2,6,3,7,5,6,3,7,7,6,8,7,8,7,4,7,6,6,6,6,5,6,6,7,5,7,4,6,7,6
taylor,24,taylor_24,8,7,5,6,8,7,7,4,3,5,4,6,5,6,3,7,8,6,8,7,8,6,4,7,5,6,6,6,4,5,6,7,5,4,5,4,6,5
taylor,25,taylor_25,7,7,6,7,8,7,8,4,3,6,5,5,6,5,4,7,8,5,7,6,8,8,4,7,6,6,6,6,6,6,5,7,8,6,9,7,8,6
taylor,26,taylor_26,9,6,6,7,8,5,8,4,5,4,6,7,5,7,3,7,7,6,8,7,8,7,4,8,6,6,6,6,5,6,4,5,5,4,3,4,6,2
taylor,27,taylor_27,8,5,6,8,7,4,7,4,3,4,5,6,7,6,2,7,6,6,8,7,8,7,4,7,6,6,6,6,7,6,6,5,5,4,5,4,6,2
taylor,28,taylor_28,7,7,6,7,8,7,8,4,3,5,4,5,2,6,4,6,7,5,8,7,7,7,5,7,6,6,7,6,5,6,6,7,7,8,9,8,9,6
taylor,29,taylor_29,7,5,6,7,8,5,8,4,5,3,4,5,4,6,2,6,5,4,8,6,7,5,4,8,5,6,6,6,5,6,4,5,4,5,2,3,4,8
taylor,30,taylor_30,9,7,6,8,9,7,8,4,3,6,5,7,5,7,3,7,8,6,7,8,8,6,4,7,6,6,6,8,8,6,7,7,5,4,3,4,6,2
taylor,31,taylor_31,9,6,5,6,8,5,8,4,3,5,4,6,2,6,3,7,6,5,7,6,8,5,4,8,5,6,6,7,6,5,7,6,4,6,7,8,7,8
taylor,32,taylor_32,9,8,6,8,7,8,7,4,3,5,4,6,2,8,7,6,8,5,7,6,7,8,4,6,5,6,6,7,5,6,7,7,7,6,7,8,9,6
taylor,33,taylor_33,9,8,5,7,9,8,8,4,3,5,4,6,2,6,5,7,8,6,8,7,8,6,5,7,6,7,7,8,6,5,7,8,7,8,9,9,8,6
taylor,34,taylor_34,9,6,5,7,8,6,7,4,5,3,4,6,5,7,4,5,4,4,6,5,7,7,4,6,5,6,6,5,7,6,5,5,6,7,8,7,8,8
taylor,35,taylor_35,9,6,5,6,8,6,7,4,5,4,5,6,3,5,3,5,6,4,6,5,7,6,5,7,6,6,6,6,4,5,7,6,5,6,4,6,7,8
taylor,36,taylor_36,7,7,5,6,8,7,8,4,2,5,4,6,5,6,3,7,8,6,8,7,9,6,5,7,6,6,6,8,8,6,7,7,5,7,4,6,8,6
taylor,38,taylor_38,7,7,5,6,8,7,8,3,2,4,3,5,2,6,2,7,6,5,6,5,7,5,4,7,5,6,6,6,6,5,7,6,6,8,7,8,7,8
taylor,39,taylor_39,9,7,6,7,9,7,8,5,4,6,5,6,4,7,3,6,7,5,7,6,8,7,4,6,6,6,6,7,6,6,5,7,4,1,2,3,4,5
taylor,40,taylor_40,7,7,5,7,8,7,8,4,5,3,4,6,5,7,4,6,7,5,7,6,8,6,5,6,6,6,7,7,8,6,5,7,4,3,2,3,4,5
taylor,41,taylor_41,8,7,6,7,8,6,8,4,3,5,4,5,7,4,5,6,5,4,7,6,8,7,4,6,6,6,6,5,6,6,5,7,3,5,3,2,4,5
taylor,42,taylor_42,7,7,6,7,8,7,8,5,4,6,5,6,7,5,4,6,7,5,7,6,8,7,5,7,6,7,7,6,5,6,6,7,6,9,8,7,8,6
taylor,43,taylor_43,10,7,6,8,9,7,8,5,6,6,4,5,4,7,3,7,8,5,7,6,8,7,5,8,6,6,7,6,8,6,5,7,7,6,9,8,9,7
taylor,44,taylor_44,9,7,5,7,8,6,8,4,3,6,5,7,2,6,5,7,7,5,7,6,8,7,5,8,6,6,6,6,5,5,4,6,3,5,3,4,6,5
taylor,45,taylor_45,7,7,6,7,8,7,8,5,4,6,5,7,4,7,5,7,7,5,7,6,8,6,5,7,6,6,7,8,5,6,8,7,5,4,3,4,6,8
taylor,46,taylor_46,8,8,5,7,8,7,7,4,3,6,4,5,5,6,7,6,8,7,7,8,9,6,4,6,6,6,6,7,5,6,6,7,6,8,5,4,7,6
taylor,47,taylor_47,9,7,5,7,8,6,8,4,3,5,4,6,5,6,4,6,7,5,7,6,8,6,4,7,6,6,6,6,5,6,7,7,3,2,3,4,6,5
taylor,48,taylor_48,9,7,5,6,8,7,7,4,2,6,3,5,4,6,4,7,8,5,7,6,8,6,5,7,6,6,6,6,8,5,6,7,7,6,8,8,9,6
taylor,49,taylor_49,9,8,5,7,8,7,7,4,3,7,4,6,5,7,5,6,8,6,7,8,8,6,4,6,5,5,6,7,5,6,6,7,5,7,3,4,6,2
taylor,51,taylor_51,9,7,6,7,8,6,8,4,5,6,4,6,3,7,2,7,6,5,7,6,8,7,4,7,6,6,6,6,7,6,6,7,3,5,4,4,6,5
taylor,52,taylor_52,9,7,6,7,8,7,7,4,5,6,4,7,6,5,3,6,8,5,7,6,8,6,4,5,5,6,6,7,6,6,5,7,4,6,2,3,5,5
taylor,53,taylor_53,9,7,5,7,8,7,8,4,5,6,5,7,4,6,5,6,7,5,7,6,7,6,4,8,6,6,6,7,5,6,6,7,6,4,9,8,7,6
taylor,54,taylor_54,7,7,5,6,8,7,8,4,3,5,4,6,2,7,5,6,7,6,7,8,8,5,4,7,5,6,6,6,6,5,8,7,7,7,9,9,8,6
taylor,55,taylor_55,9,7,6,7,8,7,8,5,4,6,5,6,7,5,4,7,7,6,7,6,8,6,5,7,6,6,6,6,6,6,5,7,5,2,2,3,4,5
taylor,56,taylor_56,9,6,5,7,8,5,7,5,4,6,5,7,4,7,4,5,4,4,6,5,6,8,4,7,6,6,6,6,7,6,6,5,2,1,2,3,4,8
taylor,57,taylor_57,7,6,6,8,7,5,7,5,4,5,6,5,7,6,3,6,7,5,7,6,8,5,4,7,6,5,6,6,5,6,4,5,4,1,2,3,4,5
taylor,58,taylor_58,9,6,5,7,8,6,8,4,3,5,4,6,4,7,2,6,5,4,6,5,7,7,5,6,6,6,6,7,7,6,5,5,3,5,3,4,6,8
taylor,59,taylor_59,10,8,6,7,8,8,7,5,4,3,4,5,2,6,4,7,6,5,6,7,8,8,5,6,5,6,6,7,6,6,5,7,8,7,9,9,8,6
taylor,60,taylor_60,7,7,5,6,8,7,8,4,5,4,5,3,4,6,4,7,7,5,7,6,8,6,5,8,6,6,7,7,5,5,6,7,3,6,5,4,7,8
taylor,61,taylor_61,9,7,6,7,8,6,8,5,4,6,5,5,3,6,4,6,7,4,6,5,8,7,5,7,6,6,7,6,4,5,6,7,4,7,4,3,6,8
taylor,62,taylor_62,10,7,6,8,9,6,8,5,4,6,5,7,7,6,5,6,7,5,7,8,8,8,4,6,5,6,6,7,8,6,6,7,3,4,5,4,7,2
taylor,63,taylor_63,9,7,6,7,9,7,8,4,3,6,4,5,5,7,5,6,7,5,7,6,8,7,5,7,6,6,6,6,8,6,5,7,2,6,4,3,5,5
taylor,64,taylor_64,6,6,5,6,8,5,7,4,3,5,4,5,4,3,5,6,7,5,8,7,8,7,5,8,6,7,7,6,5,6,5,7,5,3,4,6,7,8
taylor,65,taylor_65,9,7,5,6,8,7,8,4,3,5,4,6,4,7,4,6,7,5,7,6,8,6,5,7,5,6,6,6,6,5,6,7,3,8,5,4,7,8
taylor,66,taylor_66,9,7,5,6,8,7,7,5,4,5,6,6,4,7,3,7,8,6,7,6,8,6,4,6,6,6,6,7,5,6,6,7,6,5,8,7,8,6
taylor,67,taylor_67,9,7,5,6,8,7,8,4,3,6,5,6,2,5,5,7,8,6,8,7,9,6,5,7,6,7,7,8,7,6,7,8,6,7,5,7,8,6
taylor,68,taylor_68,7,7,6,7,8,7,8,5,4,6,5,7,3,5,4,7,8,6,8,7,9,7,4,7,6,6,6,6,5,6,7,8,6,8,9,8,7,6
taylor,69,taylor_69,7,6,6,8,7,5,7,4,5,4,5,6,3,5,2,7,6,5,7,6,7,7,4,7,6,6,6,6,7,6,5,5,5,4,3,4,6,8
taylor,70,taylor_70,6,7,5,6,8,7,8,5,4,7,6,6,5,5,5,7,8,6,7,8,9,5,6,7,5,6,6,6,6,6,7,8,4,6,2,3,5,5
taylor,71,taylor_71,6,7,5,6,8,7,8,4,5,6,5,6,4,5,3,7,8,5,7,6,8,6,5,7,6,6,7,6,6,6,7,8,5,6,5,4,7,8
taylor,72,taylor_72,9,7,6,7,8,7,8,5,4,6,4,5,3,5,2,7,8,6,8,7,8,7,5,7,6,6,7,6,7,6,8,7,6,4,5,7,8,6
taylor,73,taylor_73,8,7,5,6,8,7,8,4,3,5,4,6,5,7,5,7,7,6,8,7,9,6,5,8,6,7,7,7,6,5,6,7,6,9,8,7,8,6
taylor,74,taylor_74,9,8,6,8,7,7,7,5,4,6,5,6,4,7,5,7,6,7,8,7,9,8,4,6,6,6,6,7,7,6,6,5,5,6,7,4,6,2
taylor,75,taylor_75,9,7,6,8,7,6,7,5,3,6,4,6,7,5,4,6,7,5,7,6,8,8,5,7,6,6,6,6,7,6,4,5,4,5,4,3,6,5
taylor,76,taylor_76,10,7,7,8,9,7,8,4,6,5,4,5,3,7,4,6,7,5,8,7,8,8,4,7,6,6,6,6,5,6,6,7,7,7,9,9,8,6
taylor,77,taylor_77,8,7,6,7,9,7,8,6,5,4,4,6,5,7,4,7,8,6,8,7,8,7,5,8,6,7,7,6,4,6,5,7,4,5,2,3,4,5
taylor,78,taylor_78,9,8,6,8,9,8,8,4,2,6,3,7,5,7,5,7,6,6,8,7,9,6,5,8,6,7,7,7,8,6,7,8,7,8,9,8,9,7
taylor,79,taylor_79,9,7,6,8,9,7,8,4,3,5,6,5,2,7,5,6,7,5,7,6,8,7,4,7,5,6,6,6,6,6,5,7,7,9,8,9,8,6
taylor,80,taylor_80,9,7,5,6,8,7,8,5,4,5,6,5,3,6,7,6,7,5,7,6,8,6,5,8,6,7,7,7,5,6,7,8,7,9,8,8,9,6
taylor,81,taylor_81,9,5,6,7,8,5,7,5,6,4,5,7,4,6,3,6,5,5,6,6,7,6,5,7,6,6,7,6,5,6,4,5,5,5,3,4,6,8
taylor,82,taylor_82,9,7,6,8,8,7,8,4,5,7,4,6,3,6,5,7,8,6,7,6,8,6,5,7,6,7,7,8,6,6,7,8,7,6,7,8,9,7
taylor,83,taylor_83,9,7,5,6,8,7,8,4,3,6,5,7,6,5,5,7,8,6,8,7,9,6,5,7,6,6,7,8,7,6,7,8,6,9,8,7,8,6
taylor,84,taylor_84,7,7,6,8,9,7,8,5,4,5,6,5,4,4,3,5,6,4,6,5,7,8,4,5,5,6,6,6,6,6,5,7,4,4,2,3,5,8
taylor,85,taylor_85,6,7,6,7,8,6,7,4,2,5,4,6,7,5,3,6,5,5,7,6,8,6,4,7,5,5,6,6,4,6,5,7,4,6,2,3,5,5
taylor,86,taylor_86,6,7,5,6,8,7,8,4,5,4,6,5,3,6,5,7,8,6,8,7,9,5,7,7,6,7,7,6,4,5,6,7,2,5,2,3,4,5
taylor,87,taylor_87,7,7,5,6,8,7,8,4,5,6,4,7,3,5,4,6,7,5,7,6,8,6,4,7,6,6,6,6,6,6,5,7,3,7,5,4,6,8
taylor,88,taylor_88,9,7,6,7,8,7,8,4,3,5,4,6,5,8,5,6,5,4,7,5,8,7,4,6,5,6,6,5,8,5,6,7,6,8,9,7,8,8
taylor,89,taylor_89,8,8,5,6,9,8,8,4,5,7,4,6,5,6,5,6,8,6,7,8,8,6,5,8,5,6,7,7,5,6,7,8,8,7,9,8,9,6
taylor,90,taylor_90,8,7,6,8,8,7,8,4,5,7,5,6,7,6,5,7,8,6,8,7,9,7,5,6,6,6,7,7,6,6,5,7,5,6,4,3,4,5
taylor,91,taylor_91,8,7,6,7,5,8,5,3,1,6,2,4,5,3,2,6,8,5,6,7,7,6,5,5,5,5,5,7,4,6,5,7,7,2,5,4,3,1
taylor,93,taylor_93,9,8,6,7,9,8,8,2,1,7,3,6,5,6,7,8,9,7,8,7,9,6,5,8,5,6,7,7,8,6,7,8,8,8,9,8,9,6
taylor,94,taylor_94,9,7,6,7,8,7,8,2,1,5,2,6,4,6,3,7,8,6,8,7,8,6,5,7,5,6,6,8,7,6,5,7,5,6,3,4,7,6
taylor,95,taylor_95,7,7,6,7,9,8,8,4,3,7,5,6,4,5,5,8,9,6,8,7,9,6,5,7,6,6,7,8,6,6,7,8,8,9,8,7,8,7
taylor,96,taylor_96,7,8,6,5,8,8,7,1,1,6,2,5,4,3,7,7,8,7,7,8,8,5,4,6,4,5,5,8,4,6,5,7,7,4,5,4,6,6
taylor,97,taylor_97,7,7,6,7,9,8,8,3,2,5,4,6,5,6,5,7,8,6,8,7,8,6,5,7,6,6,7,8,5,6,6,7,6,4,5,4,7,6
taylor,98,taylor_98,9,7,6,7,8,6,8,2,1,5,2,6,4,6,5,7,8,6,8,7,8,7,4,6,5,6,6,8,7,6,5,7,3,3,2,4,6,5
taylor,99,taylor_99,6,6,7,8,8,7,8,2,3,6,4,5,6,5,4,5,8,4,6,7,8,8,4,5,5,6,6,7,8,7,5,6,9,6,9,8,7,4
