sermon,domain,score_type,run_A,run_B,difference,abs_difference,mean_score,pct_difference
1,aristoteles,logos,5,5,0,0,5,0
1,aristoteles,pathos,6,6,0,0,6,0
1,aristoteles,ethos,7,7,0,0,7,0
1,aristoteles,balance,5,5,0,0,5,0
1,aristoteles,overall_rhetorical,6,6,0,0,6,0
1,aristoteles,orthodoxy,2,4,2,2,3,66.66666666666666
1,aristoteles,orthopathy,5,6,1,1,5.5,18.181818181818183
1,aristoteles,orthopraxy,8,8,0,0,8,0
2,aristoteles,logos,6,7,1,1,6.5,15.384615384615385
2,aristoteles,pathos,8,8,0,0,8,0
2,aristoteles,ethos,7,8,1,1,7.5,13.333333333333334
2,aristoteles,balance,6,7,1,1,6.5,15.384615384615385
2,aristoteles,overall_rhetorical,7,7.5,0.5,0.5,7.25,6.896551724137931
2,aristoteles,orthodoxy,5,5,0,0,5,0
2,aristoteles,orthopathy,8,8,0,0,8,0
2,aristoteles,orthopraxy,7,8,1,1,7.5,13.333333333333334
3,aristoteles,logos,5,5,0,0,5,0
3,aristoteles,pathos,7,7,0,0,7,0
3,aristoteles,ethos,6,6,0,0,6,0
3,aristoteles,balance,6,6,0,0,6,0
3,aristoteles,overall_rhetorical,6,6,0,0,6,0
3,aristoteles,orthodoxy,5,5,0,0,5,0
3,aristoteles,orthopathy,7,7,0,0,7,0
3,aristoteles,orthopraxy,6,6,0,0,6,0
4,aristoteles,logos,6,6,0,0,6,0
4,aristoteles,pathos,8,8,0,0,8,0
4,aristoteles,ethos,7,7,0,0,7,0
4,aristoteles,balance,7,6,-1,1,6.5,15.384615384615385
4,aristoteles,overall_rhetorical,7,7,0,0,7,0
4,aristoteles,orthodoxy,5,4,-1,1,4.5,22.22222222222222
4,aristoteles,orthopathy,8,8,0,0,8,0
4,aristoteles,orthopraxy,7,7,0,0,7,0
5,aristoteles,logos,5,5,0,0,5,0
5,aristoteles,pathos,7,7,0,0,7,0
5,aristoteles,ethos,6,6,0,0,6,0
5,aristoteles,balance,6,6,0,0,6,0
5,aristoteles,overall_rhetorical,6,6,0,0,6,0
5,aristoteles,orthodoxy,6,6,0,0,6,0
5,aristoteles,orthopathy,8,8,0,0,8,0
5,aristoteles,orthopraxy,7,7,0,0,7,0
6,aristoteles,logos,6,6,0,0,6,0
6,aristoteles,pathos,5,5,0,0,5,0
6,aristoteles,ethos,4,5,1,1,4.5,22.22222222222222
6,aristoteles,balance,5,5,0,0,5,0
6,aristoteles,overall_rhetorical,5,5.3,0.2999999999999998,0.2999999999999998,5.15,5.825242718446598
6,aristoteles,orthodoxy,5,5,0,0,5,0
6,aristoteles,orthopathy,4,4,0,0,4,0
6,aristoteles,orthopraxy,5,6,1,1,5.5,18.181818181818183
7,aristoteles,logos,5,5,0,0,5,0
7,aristoteles,pathos,7,7,0,0,7,0
7,aristoteles,ethos,6,6,0,0,6,0
7,aristoteles,balance,5,5,0,0,5,0
7,aristoteles,overall_rhetorical,6,6,0,0,6,0
7,aristoteles,orthodoxy,4,4,0,0,4,0
7,aristoteles,orthopathy,8,8,0,0,8,0
7,aristoteles,orthopraxy,6,6,0,0,6,0
8,aristoteles,logos,5,5,0,0,5,0
8,aristoteles,pathos,7,8,1,1,7.5,13.333333333333334
8,aristoteles,ethos,8,7,-1,1,7.5,13.333333333333334
8,aristoteles,balance,6,6,0,0,6,0
8,aristoteles,overall_rhetorical,6.5,6.5,0,0,6.5,0
8,aristoteles,orthodoxy,6,5,-1,1,5.5,18.181818181818183
8,aristoteles,orthopathy,8,8,0,0,8,0
8,aristoteles,orthopraxy,9,8,-1,1,8.5,11.76470588235294
9,aristoteles,logos,6,6,0,0,6,0
9,aristoteles,pathos,7,7,0,0,7,0
9,aristoteles,ethos,8,5,-3,3,6.5,46.15384615384615
9,aristoteles,balance,7,5,-2,2,6,33.33333333333333
9,aristoteles,overall_rhetorical,7,6,-1,1,6.5,15.384615384615385
9,aristoteles,orthodoxy,6,6,0,0,6,0
9,aristoteles,orthopathy,8,7,-1,1,7.5,13.333333333333334
9,aristoteles,orthopraxy,7,5,-2,2,6,33.33333333333333
10,aristoteles,logos,6,6,0,0,6,0
10,aristoteles,pathos,7,7,0,0,7,0
10,aristoteles,ethos,8,8,0,0,8,0
10,aristoteles,balance,7,7,0,0,7,0
10,aristoteles,overall_rhetorical,7,7,0,0,7,0
10,aristoteles,orthodoxy,6,6,0,0,6,0
10,aristoteles,orthopathy,8,8,0,0,8,0
10,aristoteles,orthopraxy,8,8,0,0,8,0
11,aristoteles,logos,6,5,-1,1,5.5,18.181818181818183
11,aristoteles,pathos,8,8,0,0,8,0
11,aristoteles,ethos,7,7,0,0,7,0
11,aristoteles,balance,6,6,0,0,6,0
11,aristoteles,overall_rhetorical,7,7,0,0,7,0
11,aristoteles,orthodoxy,5,6,1,1,5.5,18.181818181818183
11,aristoteles,orthopathy,8,9,1,1,8.5,11.76470588235294
11,aristoteles,orthopraxy,7,8,1,1,7.5,13.333333333333334
12,aristoteles,logos,6,6,0,0,6,0
12,aristoteles,pathos,8,8,0,0,8,0
12,aristoteles,ethos,7,7,0,0,7,0
12,aristoteles,balance,6,6,0,0,6,0
12,aristoteles,overall_rhetorical,7,7,0,0,7,0
12,aristoteles,orthodoxy,6,7,1,1,6.5,15.384615384615385
12,aristoteles,orthopathy,8,8,0,0,8,0
12,aristoteles,orthopraxy,7,6,-1,1,6.5,15.384615384615385
13,aristoteles,logos,6,5,-1,1,5.5,18.181818181818183
13,aristoteles,pathos,7,7,0,0,7,0
13,aristoteles,ethos,8,8,0,0,8,0
13,aristoteles,balance,7,6,-1,1,6.5,15.384615384615385
13,aristoteles,overall_rhetorical,7,6.5,-0.5,0.5,6.75,7.4074074074074066
13,aristoteles,orthodoxy,5,5,0,0,5,0
13,aristoteles,orthopathy,8,8,0,0,8,0
13,aristoteles,orthopraxy,7,8,1,1,7.5,13.333333333333334
14,aristoteles,logos,6,6,0,0,6,0
14,aristoteles,pathos,8,8,0,0,8,0
14,aristoteles,ethos,7,8,1,1,7.5,13.333333333333334
14,aristoteles,balance,7,7,0,0,7,0
14,aristoteles,overall_rhetorical,7,7.5,0.5,0.5,7.25,6.896551724137931
14,aristoteles,orthodoxy,6,7,1,1,6.5,15.384615384615385
14,aristoteles,orthopathy,8,9,1,1,8.5,11.76470588235294
14,aristoteles,orthopraxy,7,8,1,1,7.5,13.333333333333334
15,aristoteles,logos,5,6,1,1,5.5,18.181818181818183
15,aristoteles,pathos,8,8,0,0,8,0
15,aristoteles,ethos,7,7,0,0,7,0
15,aristoteles,balance,6,6,0,0,6,0
15,aristoteles,overall_rhetorical,6.7,7,0.2999999999999998,0.2999999999999998,6.85,4.379562043795618
15,aristoteles,orthodoxy,5,6,1,1,5.5,18.181818181818183
15,aristoteles,orthopathy,8,8,0,0,8,0
15,aristoteles,orthopraxy,7,7,0,0,7,0
16,aristoteles,logos,5,5,0,0,5,0
16,aristoteles,pathos,8,8,0,0,8,0
16,aristoteles,ethos,7,7,0,0,7,0
16,aristoteles,balance,5,5,0,0,5,0
16,aristoteles,overall_rhetorical,6,6,0,0,6,0
16,aristoteles,orthodoxy,4,4,0,0,4,0
16,aristoteles,orthopathy,8,8,0,0,8,0
16,aristoteles,orthopraxy,7,6,-1,1,6.5,15.384615384615385
17,aristoteles,logos,6,6,0,0,6,0
17,aristoteles,pathos,7,7,0,0,7,0
17,aristoteles,ethos,7,8,1,1,7.5,13.333333333333334
17,aristoteles,balance,6,7,1,1,6.5,15.384615384615385
17,aristoteles,overall_rhetorical,6.5,7,0.5,0.5,6.75,7.4074074074074066
17,aristoteles,orthodoxy,5,5,0,0,5,0
17,aristoteles,orthopathy,8,8,0,0,8,0
17,aristoteles,orthopraxy,7,8,1,1,7.5,13.333333333333334
18,aristoteles,logos,7,6,-1,1,6.5,15.384615384615385
18,aristoteles,pathos,6,7,1,1,6.5,15.384615384615385
18,aristoteles,ethos,8,7,-1,1,7.5,13.333333333333334
18,aristoteles,balance,7,6,-1,1,6.5,15.384615384615385
18,aristoteles,overall_rhetorical,7,6.7,-0.2999999999999998,0.2999999999999998,6.85,4.379562043795618
18,aristoteles,orthodoxy,8,6,-2,2,7,28.57142857142857
18,aristoteles,orthopathy,6,8,2,2,7,28.57142857142857
18,aristoteles,orthopraxy,8,7,-1,1,7.5,13.333333333333334
19,aristoteles,logos,6,7,1,1,6.5,15.384615384615385
19,aristoteles,pathos,8,8,0,0,8,0
19,aristoteles,ethos,7,8,1,1,7.5,13.333333333333334
19,aristoteles,balance,7,7,0,0,7,0
19,aristoteles,overall_rhetorical,7,7.5,0.5,0.5,7.25,6.896551724137931
19,aristoteles,orthodoxy,6,6,0,0,6,0
19,aristoteles,orthopathy,9,9,0,0,9,0
19,aristoteles,orthopraxy,7,8,1,1,7.5,13.333333333333334
20,aristoteles,logos,6,6,0,0,6,0
20,aristoteles,pathos,7,8,1,1,7.5,13.333333333333334
20,aristoteles,ethos,8,7,-1,1,7.5,13.333333333333334
20,aristoteles,balance,7,6,-1,1,6.5,15.384615384615385
20,aristoteles,overall_rhetorical,7,7,0,0,7,0
20,aristoteles,orthodoxy,6,5,-1,1,5.5,18.181818181818183
20,aristoteles,orthopathy,8,8,0,0,8,0
20,aristoteles,orthopraxy,8,7,-1,1,7.5,13.333333333333334
21,aristoteles,logos,5,5,0,0,5,0
21,aristoteles,pathos,8,8,0,0,8,0
21,aristoteles,ethos,8,8,0,0,8,0
21,aristoteles,balance,6,6,0,0,6,0
21,aristoteles,overall_rhetorical,7,7,0,0,7,0
21,aristoteles,orthodoxy,5,5,0,0,5,0
21,aristoteles,orthopathy,8,8,0,0,8,0
21,aristoteles,orthopraxy,8,7,-1,1,7.5,13.333333333333334
22,aristoteles,logos,5,5,0,0,5,0
22,aristoteles,pathos,7,7,0,0,7,0
22,aristoteles,ethos,6,6,0,0,6,0
22,aristoteles,balance,5,6,1,1,5.5,18.181818181818183
22,aristoteles,overall_rhetorical,6,6,0,0,6,0
22,aristoteles,orthodoxy,5,5,0,0,5,0
22,aristoteles,orthopathy,7,7,0,0,7,0
22,aristoteles,orthopraxy,6,6,0,0,6,0
23,aristoteles,logos,6,6,0,0,6,0
23,aristoteles,pathos,8,8,0,0,8,0
23,aristoteles,ethos,7,7,0,0,7,0
23,aristoteles,balance,7,6,-1,1,6.5,15.384615384615385
23,aristoteles,overall_rhetorical,7,7,0,0,7,0
23,aristoteles,orthodoxy,6,6,0,0,6,0
23,aristoteles,orthopathy,8,8,0,0,8,0
23,aristoteles,orthopraxy,8,7,-1,1,7.5,13.333333333333334
24,aristoteles,logos,6,5,-1,1,5.5,18.181818181818183
24,aristoteles,pathos,8,8,0,0,8,0
24,aristoteles,ethos,7,7,0,0,7,0
24,aristoteles,balance,6,6,0,0,6,0
24,aristoteles,overall_rhetorical,7,6.5,-0.5,0.5,6.75,7.4074074074074066
24,aristoteles,orthodoxy,5,5,0,0,5,0
24,aristoteles,orthopathy,8,8,0,0,8,0
24,aristoteles,orthopraxy,7,7,0,0,7,0
25,aristoteles,logos,5,5,0,0,5,0
25,aristoteles,pathos,8,8,0,0,8,0
25,aristoteles,ethos,7,7,0,0,7,0
25,aristoteles,balance,6,6,0,0,6,0
25,aristoteles,overall_rhetorical,7,7,0,0,7,0
25,aristoteles,orthodoxy,5,5,0,0,5,0
25,aristoteles,orthopathy,8,8,0,0,8,0
25,aristoteles,orthopraxy,8,8,0,0,8,0
26,aristoteles,logos,6,6,0,0,6,0
26,aristoteles,pathos,8,8,0,0,8,0
26,aristoteles,ethos,8,8,0,0,8,0
26,aristoteles,balance,7,7,0,0,7,0
26,aristoteles,overall_rhetorical,7,7,0,0,7,0
26,aristoteles,orthodoxy,6,5,-1,1,5.5,18.181818181818183
26,aristoteles,orthopathy,8,8,0,0,8,0
26,aristoteles,orthopraxy,8,8,0,0,8,0
27,aristoteles,logos,7,7,0,0,7,0
27,aristoteles,pathos,8,8,0,0,8,0
27,aristoteles,ethos,8,8,0,0,8,0
27,aristoteles,balance,7,7,0,0,7,0
27,aristoteles,overall_rhetorical,7.7,7.5,-0.20000000000000018,0.20000000000000018,7.6,2.631578947368424
27,aristoteles,orthodoxy,7,6,-1,1,6.5,15.384615384615385
27,aristoteles,orthopathy,8,9,1,1,8.5,11.76470588235294
27,aristoteles,orthopraxy,8,8,0,0,8,0
28,aristoteles,logos,6,6,0,0,6,0
28,aristoteles,pathos,8,8,0,0,8,0
28,aristoteles,ethos,7,7,0,0,7,0
28,aristoteles,balance,7,6,-1,1,6.5,15.384615384615385
28,aristoteles,overall_rhetorical,7,7,0,0,7,0
28,aristoteles,orthodoxy,6,6,0,0,6,0
28,aristoteles,orthopathy,8,8,0,0,8,0
28,aristoteles,orthopraxy,7,7,0,0,7,0
1,dekker,criterion_1,3,3,0,0,3,0
1,dekker,criterion_2,2,2,0,0,2,0
1,dekker,criterion_3,6,6,0,0,6,0
1,dekker,criterion_4,4,4,0,0,4,0
1,dekker,criterion_5,3,3,0,0,3,0
1,dekker,criterion_6,5,5,0,0,5,0
1,dekker,criterion_7,2,2,0,0,2,0
1,dekker,criterion_8,3,3,0,0,3,0
2,dekker,criterion_1,3,3,0,0,3,0
2,dekker,criterion_2,2,4,2,2,3,66.66666666666666
2,dekker,criterion_3,7,8,1,1,7.5,13.333333333333334
2,dekker,criterion_4,4,5,1,1,4.5,22.22222222222222
2,dekker,criterion_5,6,6,0,0,6,0
2,dekker,criterion_6,7,7,0,0,7,0
2,dekker,criterion_7,4,5,1,1,4.5,22.22222222222222
2,dekker,criterion_8,3,3,0,0,3,0
3,dekker,criterion_1,5,5,0,0,5,0
3,dekker,criterion_2,4,4,0,0,4,0
3,dekker,criterion_3,5,5,0,0,5,0
3,dekker,criterion_4,6,6,0,0,6,0
3,dekker,criterion_5,4,4,0,0,4,0
3,dekker,criterion_6,2,3,1,1,2.5,40
3,dekker,criterion_7,1,2,1,1,1.5,66.66666666666666
3,dekker,criterion_8,2,2,0,0,2,0
4,dekker,criterion_1,6,6,0,0,6,0
4,dekker,criterion_2,5,5,0,0,5,0
4,dekker,criterion_3,7,7,0,0,7,0
4,dekker,criterion_4,6,6,0,0,6,0
4,dekker,criterion_5,4,4,0,0,4,0
4,dekker,criterion_6,3,3,0,0,3,0
4,dekker,criterion_7,4,4,0,0,4,0
4,dekker,criterion_8,4,4,0,0,4,0
5,dekker,criterion_1,3,3,0,0,3,0
5,dekker,criterion_2,2,2,0,0,2,0
5,dekker,criterion_3,5,5,0,0,5,0
5,dekker,criterion_4,2,4,2,2,3,66.66666666666666
5,dekker,criterion_5,4,4,0,0,4,0
5,dekker,criterion_6,2,2,0,0,2,0
5,dekker,criterion_7,5,5,0,0,5,0
5,dekker,criterion_8,1,1,0,0,1,0
6,dekker,criterion_1,3,3,0,0,3,0
6,dekker,criterion_2,2,2,0,0,2,0
6,dekker,criterion_3,6,6,0,0,6,0
6,dekker,criterion_4,4,4,0,0,4,0
6,dekker,criterion_5,5,5,0,0,5,0
6,dekker,criterion_6,7,7,0,0,7,0
6,dekker,criterion_7,4,4,0,0,4,0
6,dekker,criterion_8,2,2,0,0,2,0
7,dekker,criterion_1,4,4,0,0,4,0
7,dekker,criterion_2,2,2,0,0,2,0
7,dekker,criterion_3,5,5,0,0,5,0
7,dekker,criterion_4,3,3,0,0,3,0
7,dekker,criterion_5,4,4,0,0,4,0
7,dekker,criterion_6,1,1,0,0,1,0
7,dekker,criterion_7,2,2,0,0,2,0
7,dekker,criterion_8,1,2,1,1,1.5,66.66666666666666
8,dekker,criterion_1,6,6,0,0,6,0
8,dekker,criterion_2,4,4,0,0,4,0
8,dekker,criterion_3,7,7,0,0,7,0
8,dekker,criterion_4,5,5,0,0,5,0
8,dekker,criterion_5,5,5,0,0,5,0
8,dekker,criterion_6,4,4,0,0,4,0
8,dekker,criterion_7,3,3,0,0,3,0
8,dekker,criterion_8,2,2,0,0,2,0
9,dekker,criterion_1,4,4,0,0,4,0
9,dekker,criterion_2,3,3,0,0,3,0
9,dekker,criterion_3,6,6,0,0,6,0
9,dekker,criterion_4,5,5,0,0,5,0
9,dekker,criterion_5,4,4,0,0,4,0
9,dekker,criterion_6,7,7,0,0,7,0
9,dekker,criterion_7,2,2,0,0,2,0
9,dekker,criterion_8,2,2,0,0,2,0
10,dekker,criterion_1,4,4,0,0,4,0
10,dekker,criterion_2,6,6,0,0,6,0
10,dekker,criterion_3,7,7,0,0,7,0
10,dekker,criterion_4,5,5,0,0,5,0
10,dekker,criterion_5,4,3,-1,1,3.5,28.57142857142857
10,dekker,criterion_6,6,6,0,0,6,0
10,dekker,criterion_7,3,2,-1,1,2.5,40
10,dekker,criterion_8,5,5,0,0,5,0
11,dekker,criterion_1,5,4,-1,1,4.5,22.22222222222222
11,dekker,criterion_2,3,3,0,0,3,0
11,dekker,criterion_3,7,7,0,0,7,0
11,dekker,criterion_4,6,5,-1,1,5.5,18.181818181818183
11,dekker,criterion_5,5,6,1,1,5.5,18.181818181818183
11,dekker,criterion_6,6,7,1,1,6.5,15.384615384615385
11,dekker,criterion_7,4,5,1,1,4.5,22.22222222222222
11,dekker,criterion_8,2,4,2,2,3,66.66666666666666
12,dekker,criterion_1,6,6,0,0,6,0
12,dekker,criterion_2,5,5,0,0,5,0
12,dekker,criterion_3,7,7,0,0,7,0
12,dekker,criterion_4,6,6,0,0,6,0
12,dekker,criterion_5,5,6,1,1,5.5,18.181818181818183
12,dekker,criterion_6,7,7,0,0,7,0
12,dekker,criterion_7,3,4,1,1,3.5,28.57142857142857
12,dekker,criterion_8,4,5,1,1,4.5,22.22222222222222
13,dekker,criterion_1,4,4,0,0,4,0
13,dekker,criterion_2,5,5,0,0,5,0
13,dekker,criterion_3,4,4,0,0,4,0
13,dekker,criterion_4,3,3,0,0,3,0
13,dekker,criterion_5,5,5,0,0,5,0
13,dekker,criterion_6,2,2,0,0,2,0
13,dekker,criterion_7,4,4,0,0,4,0
13,dekker,criterion_8,3,3,0,0,3,0
14,dekker,criterion_1,5,5,0,0,5,0
14,dekker,criterion_2,4,4,0,0,4,0
14,dekker,criterion_3,7,7,0,0,7,0
14,dekker,criterion_4,6,6,0,0,6,0
14,dekker,criterion_5,7,7,0,0,7,0
14,dekker,criterion_6,7,8,1,1,7.5,13.333333333333334
14,dekker,criterion_7,5,5,0,0,5,0
14,dekker,criterion_8,4,4,0,0,4,0
15,dekker,criterion_1,5,5,0,0,5,0
15,dekker,criterion_2,6,4,-2,2,5,40
15,dekker,criterion_3,7,7,0,0,7,0
15,dekker,criterion_4,6,6,0,0,6,0
15,dekker,criterion_5,5,5,0,0,5,0
15,dekker,criterion_6,6,6,0,0,6,0
15,dekker,criterion_7,4,4,0,0,4,0
15,dekker,criterion_8,3,3,0,0,3,0
16,dekker,criterion_1,3,3,0,0,3,0
16,dekker,criterion_2,2,2,0,0,2,0
16,dekker,criterion_3,7,7,0,0,7,0
16,dekker,criterion_4,3,4,1,1,3.5,28.57142857142857
16,dekker,criterion_5,5,5,0,0,5,0
16,dekker,criterion_6,6,6,0,0,6,0
16,dekker,criterion_7,4,4,0,0,4,0
16,dekker,criterion_8,4,4,0,0,4,0
17,dekker,criterion_1,4,4,0,0,4,0
17,dekker,criterion_2,3,3,0,0,3,0
17,dekker,criterion_3,6,6,0,0,6,0
17,dekker,criterion_4,4,4,0,0,4,0
17,dekker,criterion_5,5,5,0,0,5,0
17,dekker,criterion_6,5,5,0,0,5,0
17,dekker,criterion_7,4,4,0,0,4,0
17,dekker,criterion_8,3,3,0,0,3,0
18,dekker,criterion_1,5,4,-1,1,4.5,22.22222222222222
18,dekker,criterion_2,3,3,0,0,3,0
18,dekker,criterion_3,6,6,0,0,6,0
18,dekker,criterion_4,4,5,1,1,4.5,22.22222222222222
18,dekker,criterion_5,6,6,0,0,6,0
18,dekker,criterion_6,5,4,-1,1,4.5,22.22222222222222
18,dekker,criterion_7,4,5,1,1,4.5,22.22222222222222
18,dekker,criterion_8,3,3,0,0,3,0
19,dekker,criterion_1,4,4,0,0,4,0
19,dekker,criterion_2,5,6,1,1,5.5,18.181818181818183
19,dekker,criterion_3,6,7,1,1,6.5,15.384615384615385
19,dekker,criterion_4,5,7,2,2,6,33.33333333333333
19,dekker,criterion_5,7,8,1,1,7.5,13.333333333333334
19,dekker,criterion_6,6,6,0,0,6,0
19,dekker,criterion_7,5,5,0,0,5,0
19,dekker,criterion_8,6,6,0,0,6,0
20,dekker,criterion_1,4,5,1,1,4.5,22.22222222222222
20,dekker,criterion_2,5,4,-1,1,4.5,22.22222222222222
20,dekker,criterion_3,7,7,0,0,7,0
20,dekker,criterion_4,4,6,2,2,5,40
20,dekker,criterion_5,5,5,0,0,5,0
20,dekker,criterion_6,5,4,-1,1,4.5,22.22222222222222
20,dekker,criterion_7,3,3,0,0,3,0
20,dekker,criterion_8,4,4,0,0,4,0
21,dekker,criterion_1,6,5,-1,1,5.5,18.181818181818183
21,dekker,criterion_2,5,4,-1,1,4.5,22.22222222222222
21,dekker,criterion_3,7,6,-1,1,6.5,15.384615384615385
21,dekker,criterion_4,6,7,1,1,6.5,15.384615384615385
21,dekker,criterion_5,7,6,-1,1,6.5,15.384615384615385
21,dekker,criterion_6,4,4,0,0,4,0
21,dekker,criterion_7,2,3,1,1,2.5,40
21,dekker,criterion_8,5,5,0,0,5,0
22,dekker,criterion_1,4,3,-1,1,3.5,28.57142857142857
22,dekker,criterion_2,2,2,0,0,2,0
22,dekker,criterion_3,6,6,0,0,6,0
22,dekker,criterion_4,3,3,0,0,3,0
22,dekker,criterion_5,5,4,-1,1,4.5,22.22222222222222
22,dekker,criterion_6,4,5,1,1,4.5,22.22222222222222
22,dekker,criterion_7,4,4,0,0,4,0
22,dekker,criterion_8,2,2,0,0,2,0
23,dekker,criterion_1,5,5,0,0,5,0
23,dekker,criterion_2,6,6,0,0,6,0
23,dekker,criterion_3,7,7,0,0,7,0
23,dekker,criterion_4,6,6,0,0,6,0
23,dekker,criterion_5,5,4,-1,1,4.5,22.22222222222222
23,dekker,criterion_6,7,8,1,1,7.5,13.333333333333334
23,dekker,criterion_7,4,3,-1,1,3.5,28.57142857142857
23,dekker,criterion_8,8,8,0,0,8,0
24,dekker,criterion_1,4,4,0,0,4,0
24,dekker,criterion_2,6,6,0,0,6,0
24,dekker,criterion_3,7,7,0,0,7,0
24,dekker,criterion_4,5,5,0,0,5,0
24,dekker,criterion_5,6,6,0,0,6,0
24,dekker,criterion_6,5,7,2,2,6,33.33333333333333
24,dekker,criterion_7,4,4,0,0,4,0
24,dekker,criterion_8,8,8,0,0,8,0
25,dekker,criterion_1,4,4,0,0,4,0
25,dekker,criterion_2,2,3,1,1,2.5,40
25,dekker,criterion_3,7,7,0,0,7,0
25,dekker,criterion_4,5,5,0,0,5,0
25,dekker,criterion_5,6,4,-2,2,5,40
25,dekker,criterion_6,7,6,-1,1,6.5,15.384615384615385
25,dekker,criterion_7,4,3,-1,1,3.5,28.57142857142857
25,dekker,criterion_8,3,2,-1,1,2.5,40
26,dekker,criterion_1,6,7,1,1,6.5,15.384615384615385
26,dekker,criterion_2,7,8,1,1,7.5,13.333333333333334
26,dekker,criterion_3,5,7,2,2,6,33.33333333333333
26,dekker,criterion_4,6,6,0,0,6,0
26,dekker,criterion_5,7,7,0,0,7,0
26,dekker,criterion_6,6,8,2,2,7,28.57142857142857
26,dekker,criterion_7,4,5,1,1,4.5,22.22222222222222
26,dekker,criterion_8,8,8,0,0,8,0
27,dekker,criterion_1,4,5,1,1,4.5,22.22222222222222
27,dekker,criterion_2,6,6,0,0,6,0
27,dekker,criterion_3,7,7,0,0,7,0
27,dekker,criterion_4,3,4,1,1,3.5,28.57142857142857
27,dekker,criterion_5,5,5,0,0,5,0
27,dekker,criterion_6,6,4,-2,2,5,40
27,dekker,criterion_7,4,3,-1,1,3.5,28.57142857142857
27,dekker,criterion_8,8,8,0,0,8,0
28,dekker,criterion_1,6,6,0,0,6,0
28,dekker,criterion_2,5,5,0,0,5,0
28,dekker,criterion_3,7,7,0,0,7,0
28,dekker,criterion_4,6,6,0,0,6,0
28,dekker,criterion_5,5,6,1,1,5.5,18.181818181818183
28,dekker,criterion_6,6,7,1,1,6.5,15.384615384615385
28,dekker,criterion_7,3,4,1,1,3.5,28.57142857142857
28,dekker,criterion_8,5,5,0,0,5,0
1,esthetiek,imagery,5,5,0,0,5,0
1,esthetiek,precision,8,7,-1,1,7.5,13.333333333333334
1,esthetiek,musicality,7,6,-1,1,6.5,15.384615384615385
1,esthetiek,narrative_arc,6,6,0,0,6,0
1,esthetiek,integration,8,8,0,0,8,0
1,esthetiek,openness,4,4,0,0,4,0
1,esthetiek,anti_kitsch,9,7,-2,2,8,25
1,esthetiek,space_grace,5,4,-1,1,4.5,22.22222222222222
1,esthetiek,overall_aesthetic,6.5,5.8,-0.7000000000000002,0.7000000000000002,6.15,11.382113821138214
2,esthetiek,imagery,8,8,0,0,8,0
2,esthetiek,precision,7,7,0,0,7,0
2,esthetiek,musicality,8,8,0,0,8,0
2,esthetiek,narrative_arc,8,7,-1,1,7.5,13.333333333333334
2,esthetiek,integration,9,9,0,0,9,0
2,esthetiek,openness,6,5,-1,1,5.5,18.181818181818183
2,esthetiek,anti_kitsch,9,9,0,0,9,0
2,esthetiek,space_grace,7,6,-1,1,6.5,15.384615384615385
2,esthetiek,overall_aesthetic,8,7.5,-0.5,0.5,7.75,6.451612903225806
3,esthetiek,imagery,8,8,0,0,8,0
3,esthetiek,precision,7,7,0,0,7,0
3,esthetiek,musicality,7,7,0,0,7,0
3,esthetiek,narrative_arc,6,6,0,0,6,0
3,esthetiek,integration,8,8,0,0,8,0
3,esthetiek,openness,7,7,0,0,7,0
3,esthetiek,anti_kitsch,8,8,0,0,8,0
3,esthetiek,space_grace,7,7,0,0,7,0
3,esthetiek,overall_aesthetic,7.2,7.2,0,0,7.2,0
4,esthetiek,imagery,7,7,0,0,7,0
4,esthetiek,precision,8,8,0,0,8,0
4,esthetiek,musicality,6,7,1,1,6.5,15.384615384615385
4,esthetiek,narrative_arc,7,8,1,1,7.5,13.333333333333334
4,esthetiek,integration,8,9,1,1,8.5,11.76470588235294
4,esthetiek,openness,6,7,1,1,6.5,15.384615384615385
4,esthetiek,anti_kitsch,9,9,0,0,9,0
4,esthetiek,space_grace,7,8,1,1,7.5,13.333333333333334
4,esthetiek,overall_aesthetic,7.5,8.2,0.6999999999999993,0.6999999999999993,7.85,8.91719745222929
5,esthetiek,imagery,7,7,0,0,7,0
5,esthetiek,precision,6,6,0,0,6,0
5,esthetiek,musicality,8,7,-1,1,7.5,13.333333333333334
5,esthetiek,narrative_arc,5,5,0,0,5,0
5,esthetiek,integration,7,7,0,0,7,0
5,esthetiek,openness,8,8,0,0,8,0
5,esthetiek,anti_kitsch,7,8,1,1,7.5,13.333333333333334
5,esthetiek,space_grace,8,8,0,0,8,0
5,esthetiek,overall_aesthetic,7.2,7.2,0,0,7.2,0
6,esthetiek,imagery,5,5,0,0,5,0
6,esthetiek,precision,6,7,1,1,6.5,15.384615384615385
6,esthetiek,musicality,6,6,0,0,6,0
6,esthetiek,narrative_arc,5,5,0,0,5,0
6,esthetiek,integration,8,8,0,0,8,0
6,esthetiek,openness,4,4,0,0,4,0
6,esthetiek,anti_kitsch,9,9,0,0,9,0
6,esthetiek,space_grace,5,4,-1,1,4.5,22.22222222222222
6,esthetiek,overall_aesthetic,5.8,6,0.20000000000000018,0.20000000000000018,5.9,3.3898305084745792
7,esthetiek,imagery,6,6,0,0,6,0
7,esthetiek,precision,8,8,0,0,8,0
7,esthetiek,musicality,7,7,0,0,7,0
7,esthetiek,narrative_arc,6,7,1,1,6.5,15.384615384615385
7,esthetiek,integration,8,8,0,0,8,0
7,esthetiek,openness,7,6,-1,1,6.5,15.384615384615385
7,esthetiek,anti_kitsch,9,9,0,0,9,0
7,esthetiek,space_grace,8,8,0,0,8,0
7,esthetiek,overall_aesthetic,7.5,7.5,0,0,7.5,0
8,esthetiek,imagery,7,7,0,0,7,0
8,esthetiek,precision,8,8,0,0,8,0
8,esthetiek,musicality,6,6,0,0,6,0
8,esthetiek,narrative_arc,6,7,1,1,6.5,15.384615384615385
8,esthetiek,integration,8,8,0,0,8,0
8,esthetiek,openness,5,6,1,1,5.5,18.181818181818183
8,esthetiek,anti_kitsch,9,9,0,0,9,0
8,esthetiek,space_grace,7,7,0,0,7,0
8,esthetiek,overall_aesthetic,7.2,7.3,0.09999999999999964,0.09999999999999964,7.25,1.3793103448275814
9,esthetiek,imagery,6,6,0,0,6,0
9,esthetiek,precision,7,7,0,0,7,0
9,esthetiek,musicality,5,5,0,0,5,0
9,esthetiek,narrative_arc,6,5,-1,1,5.5,18.181818181818183
9,esthetiek,integration,8,8,0,0,8,0
9,esthetiek,openness,4,4,0,0,4,0
9,esthetiek,anti_kitsch,9,9,0,0,9,0
9,esthetiek,space_grace,5,5,0,0,5,0
9,esthetiek,overall_aesthetic,6.5,6.2,-0.2999999999999998,0.2999999999999998,6.35,4.724409448818895
10,esthetiek,imagery,7,7,0,0,7,0
10,esthetiek,precision,8,8,0,0,8,0
10,esthetiek,musicality,6,6,0,0,6,0
10,esthetiek,narrative_arc,6,6,0,0,6,0
10,esthetiek,integration,8,8,0,0,8,0
10,esthetiek,openness,7,5,-2,2,6,33.33333333333333
10,esthetiek,anti_kitsch,9,9,0,0,9,0
10,esthetiek,space_grace,6,6,0,0,6,0
10,esthetiek,overall_aesthetic,7.2,7,-0.20000000000000018,0.20000000000000018,7.1,2.8169014084507067
11,esthetiek,imagery,8,8,0,0,8,0
11,esthetiek,precision,7,7,0,0,7,0
11,esthetiek,musicality,8,8,0,0,8,0
11,esthetiek,narrative_arc,7,7,0,0,7,0
11,esthetiek,integration,9,8,-1,1,8.5,11.76470588235294
11,esthetiek,openness,6,6,0,0,6,0
11,esthetiek,anti_kitsch,9,9,0,0,9,0
11,esthetiek,space_grace,7,6,-1,1,6.5,15.384615384615385
11,esthetiek,overall_aesthetic,7.5,7.3,-0.20000000000000018,0.20000000000000018,7.4,2.702702702702705
12,esthetiek,imagery,8,8,0,0,8,0
12,esthetiek,precision,7,7,0,0,7,0
12,esthetiek,musicality,8,7,-1,1,7.5,13.333333333333334
12,esthetiek,narrative_arc,7,6,-1,1,6.5,15.384615384615385
12,esthetiek,integration,8,8,0,0,8,0
12,esthetiek,openness,6,5,-1,1,5.5,18.181818181818183
12,esthetiek,anti_kitsch,9,9,0,0,9,0
12,esthetiek,space_grace,7,6,-1,1,6.5,15.384615384615385
12,esthetiek,overall_aesthetic,7.5,7.2,-0.2999999999999998,0.2999999999999998,7.35,4.081632653061222
13,esthetiek,imagery,7,7,0,0,7,0
13,esthetiek,precision,8,8,0,0,8,0
13,esthetiek,musicality,7,6,-1,1,6.5,15.384615384615385
13,esthetiek,narrative_arc,7,7,0,0,7,0
13,esthetiek,integration,8,8,0,0,8,0
13,esthetiek,openness,8,8,0,0,8,0
13,esthetiek,anti_kitsch,9,9,0,0,9,0
13,esthetiek,space_grace,8,8,0,0,8,0
13,esthetiek,overall_aesthetic,7.8,7.8,0,0,7.8,0
14,esthetiek,imagery,8,8,0,0,8,0
14,esthetiek,precision,7,7,0,0,7,0
14,esthetiek,musicality,8,7,-1,1,7.5,13.333333333333334
14,esthetiek,narrative_arc,7,8,1,1,7.5,13.333333333333334
14,esthetiek,integration,9,9,0,0,9,0
14,esthetiek,openness,6,7,1,1,6.5,15.384615384615385
14,esthetiek,anti_kitsch,9,9,0,0,9,0
14,esthetiek,space_grace,8,8,0,0,8,0
14,esthetiek,overall_aesthetic,7.8,8.2,0.39999999999999947,0.39999999999999947,8,4.999999999999993
15,esthetiek,imagery,7,7,0,0,7,0
15,esthetiek,precision,8,8,0,0,8,0
15,esthetiek,musicality,7,6,-1,1,6.5,15.384615384615385
15,esthetiek,narrative_arc,6,7,1,1,6.5,15.384615384615385
15,esthetiek,integration,8,8,0,0,8,0
15,esthetiek,openness,6,5,-1,1,5.5,18.181818181818183
15,esthetiek,anti_kitsch,9,9,0,0,9,0
15,esthetiek,space_grace,7,6,-1,1,6.5,15.384615384615385
15,esthetiek,overall_aesthetic,7.5,7.2,-0.2999999999999998,0.2999999999999998,7.35,4.081632653061222
16,esthetiek,imagery,7,7,0,0,7,0
16,esthetiek,precision,8,8,0,0,8,0
16,esthetiek,musicality,8,8,0,0,8,0
16,esthetiek,narrative_arc,6,6,0,0,6,0
16,esthetiek,integration,9,9,0,0,9,0
16,esthetiek,openness,7,5,-2,2,6,33.33333333333333
16,esthetiek,anti_kitsch,9,9,0,0,9,0
16,esthetiek,space_grace,7,6,-1,1,6.5,15.384615384615385
16,esthetiek,overall_aesthetic,7.5,7.2,-0.2999999999999998,0.2999999999999998,7.35,4.081632653061222
17,esthetiek,imagery,7,6,-1,1,6.5,15.384615384615385
17,esthetiek,precision,8,7,-1,1,7.5,13.333333333333334
17,esthetiek,musicality,6,5,-1,1,5.5,18.181818181818183
17,esthetiek,narrative_arc,7,7,0,0,7,0
17,esthetiek,integration,8,8,0,0,8,0
17,esthetiek,openness,5,6,1,1,5.5,18.181818181818183
17,esthetiek,anti_kitsch,9,9,0,0,9,0
17,esthetiek,space_grace,6,7,1,1,6.5,15.384615384615385
17,esthetiek,overall_aesthetic,7,7,0,0,7,0
18,esthetiek,imagery,7,7,0,0,7,0
18,esthetiek,precision,8,8,0,0,8,0
18,esthetiek,musicality,7,8,1,1,7.5,13.333333333333334
18,esthetiek,narrative_arc,6,7,1,1,6.5,15.384615384615385
18,esthetiek,integration,8,8,0,0,8,0
18,esthetiek,openness,7,7,0,0,7,0
18,esthetiek,anti_kitsch,9,9,0,0,9,0
18,esthetiek,space_grace,8,8,0,0,8,0
18,esthetiek,overall_aesthetic,7.5,7.8,0.2999999999999998,0.2999999999999998,7.65,3.9215686274509776
19,esthetiek,imagery,8,7,-1,1,7.5,13.333333333333334
19,esthetiek,precision,7,8,1,1,7.5,13.333333333333334
19,esthetiek,musicality,6,7,1,1,6.5,15.384615384615385
19,esthetiek,narrative_arc,8,8,0,0,8,0
19,esthetiek,integration,9,9,0,0,9,0
19,esthetiek,openness,7,8,1,1,7.5,13.333333333333334
19,esthetiek,anti_kitsch,9,9,0,0,9,0
19,esthetiek,space_grace,8,9,1,1,8.5,11.76470588235294
19,esthetiek,overall_aesthetic,8,8.5,0.5,0.5,8.25,6.0606060606060606
20,esthetiek,imagery,8,8,0,0,8,0
20,esthetiek,precision,7,7,0,0,7,0
20,esthetiek,musicality,6,7,1,1,6.5,15.384615384615385
20,esthetiek,narrative_arc,7,7,0,0,7,0
20,esthetiek,integration,8,8,0,0,8,0
20,esthetiek,openness,7,6,-1,1,6.5,15.384615384615385
20,esthetiek,anti_kitsch,9,9,0,0,9,0
20,esthetiek,space_grace,8,8,0,0,8,0
20,esthetiek,overall_aesthetic,7.5,7.5,0,0,7.5,0
21,esthetiek,imagery,8,8,0,0,8,0
21,esthetiek,precision,7,7,0,0,7,0
21,esthetiek,musicality,8,8,0,0,8,0
21,esthetiek,narrative_arc,7,7,0,0,7,0
21,esthetiek,integration,8,8,0,0,8,0
21,esthetiek,openness,6,6,0,0,6,0
21,esthetiek,anti_kitsch,9,9,0,0,9,0
21,esthetiek,space_grace,8,8,0,0,8,0
21,esthetiek,overall_aesthetic,7.8,7.8,0,0,7.8,0
22,esthetiek,imagery,6,6,0,0,6,0
22,esthetiek,precision,8,7,-1,1,7.5,13.333333333333334
22,esthetiek,musicality,7,6,-1,1,6.5,15.384615384615385
22,esthetiek,narrative_arc,6,5,-1,1,5.5,18.181818181818183
22,esthetiek,integration,8,8,0,0,8,0
22,esthetiek,openness,7,6,-1,1,6.5,15.384615384615385
22,esthetiek,anti_kitsch,9,9,0,0,9,0
22,esthetiek,space_grace,7,7,0,0,7,0
22,esthetiek,overall_aesthetic,7.3,6.8,-0.5,0.5,7.05,7.092198581560284
23,esthetiek,imagery,8,8,0,0,8,0
23,esthetiek,precision,7,7,0,0,7,0
23,esthetiek,musicality,8,8,0,0,8,0
23,esthetiek,narrative_arc,7,7,0,0,7,0
23,esthetiek,integration,9,9,0,0,9,0
23,esthetiek,openness,6,6,0,0,6,0
23,esthetiek,anti_kitsch,9,8,-1,1,8.5,11.76470588235294
23,esthetiek,space_grace,7,7,0,0,7,0
23,esthetiek,overall_aesthetic,7.8,7.5,-0.2999999999999998,0.2999999999999998,7.65,3.9215686274509776
24,esthetiek,imagery,8,8,0,0,8,0
24,esthetiek,precision,7,7,0,0,7,0
24,esthetiek,musicality,8,8,0,0,8,0
24,esthetiek,narrative_arc,7,7,0,0,7,0
24,esthetiek,integration,9,9,0,0,9,0
24,esthetiek,openness,6,6,0,0,6,0
24,esthetiek,anti_kitsch,8,9,1,1,8.5,11.76470588235294
24,esthetiek,space_grace,7,8,1,1,7.5,13.333333333333334
24,esthetiek,overall_aesthetic,7.5,7.8,0.2999999999999998,0.2999999999999998,7.65,3.9215686274509776
25,esthetiek,imagery,8,8,0,0,8,0
25,esthetiek,precision,7,7,0,0,7,0
25,esthetiek,musicality,7,8,1,1,7.5,13.333333333333334
25,esthetiek,narrative_arc,6,7,1,1,6.5,15.384615384615385
25,esthetiek,integration,8,8,0,0,8,0
25,esthetiek,openness,5,6,1,1,5.5,18.181818181818183
25,esthetiek,anti_kitsch,8,8,0,0,8,0
25,esthetiek,space_grace,6,7,1,1,6.5,15.384615384615385
25,esthetiek,overall_aesthetic,7,7.5,0.5,0.5,7.25,6.896551724137931
26,esthetiek,imagery,8,8,0,0,8,0
26,esthetiek,precision,7,7,0,0,7,0
26,esthetiek,musicality,7,8,1,1,7.5,13.333333333333334
26,esthetiek,narrative_arc,8,7,-1,1,7.5,13.333333333333334
26,esthetiek,integration,8,8,0,0,8,0
26,esthetiek,openness,6,6,0,0,6,0
26,esthetiek,anti_kitsch,9,9,0,0,9,0
26,esthetiek,space_grace,7,8,1,1,7.5,13.333333333333334
26,esthetiek,overall_aesthetic,7.5,7.8,0.2999999999999998,0.2999999999999998,7.65,3.9215686274509776
27,esthetiek,imagery,7,6,-1,1,6.5,15.384615384615385
27,esthetiek,precision,8,7,-1,1,7.5,13.333333333333334
27,esthetiek,musicality,6,5,-1,1,5.5,18.181818181818183
27,esthetiek,narrative_arc,7,7,0,0,7,0
27,esthetiek,integration,8,8,0,0,8,0
27,esthetiek,openness,6,6,0,0,6,0
27,esthetiek,anti_kitsch,8,9,1,1,8.5,11.76470588235294
27,esthetiek,space_grace,7,7,0,0,7,0
27,esthetiek,overall_aesthetic,7.3,6.8,-0.5,0.5,7.05,7.092198581560284
28,esthetiek,imagery,8,8,0,0,8,0
28,esthetiek,precision,8,7,-1,1,7.5,13.333333333333334
28,esthetiek,musicality,7,8,1,1,7.5,13.333333333333334
28,esthetiek,narrative_arc,7,7,0,0,7,0
28,esthetiek,integration,9,9,0,0,9,0
28,esthetiek,openness,7,6,-1,1,6.5,15.384615384615385
28,esthetiek,anti_kitsch,9,9,0,0,9,0
28,esthetiek,space_grace,8,7,-1,1,7.5,13.333333333333334
28,esthetiek,overall_aesthetic,8,7.8,-0.20000000000000018,0.20000000000000018,7.9,2.531645569620255
1,kolb,phase1_concrete,4,4,0,0,4,0
1,kolb,phase2_reflective,7,7,0,0,7,0
1,kolb,phase3_abstract,8,8,0,0,8,0
1,kolb,phase4_active,6,6,0,0,6,0
1,kolb,declarative,8,8,0,0,8,0
1,kolb,pragmatic,5,5,0,0,5,0
1,kolb,narrative,2,2,0,0,2,0
1,kolb,visionary,6,6,0,0,6,0
1,kolb,osmer_descriptive,5,5,0,0,5,0
1,kolb,osmer_interpretive,8,8,0,0,8,0
1,kolb,osmer_normative,7,7,0,0,7,0
1,kolb,osmer_pragmatic,6,6,0,0,6,0
1,kolb,style_assimilating,8,9,1,1,8.5,11.76470588235294
1,kolb,style_converging,6,6,0,0,6,0
1,kolb,style_accommodating,3,3,0,0,3,0
1,kolb,style_diverging,5,5,0,0,5,0
1,kolb,overall_kolb,5.8,6.2,0.40000000000000036,0.40000000000000036,6,6.666666666666672
2,kolb,phase1_concrete,8,8,0,0,8,0
2,kolb,phase2_reflective,7,7,0,0,7,0
2,kolb,phase3_abstract,6,6,0,0,6,0
2,kolb,phase4_active,5,5,0,0,5,0
2,kolb,declarative,6,6,0,0,6,0
2,kolb,pragmatic,3,3,0,0,3,0
2,kolb,narrative,7,7,0,0,7,0
2,kolb,visionary,8,8,0,0,8,0
2,kolb,osmer_descriptive,8,8,0,0,8,0
2,kolb,osmer_interpretive,7,7,0,0,7,0
2,kolb,osmer_normative,7,6,-1,1,6.5,15.384615384615385
2,kolb,osmer_pragmatic,4,5,1,1,4.5,22.22222222222222
2,kolb,style_assimilating,6,7,1,1,6.5,15.384615384615385
2,kolb,style_converging,4,4,0,0,4,0
2,kolb,style_accommodating,7,7,0,0,7,0
2,kolb,style_diverging,8,8,0,0,8,0
2,kolb,overall_kolb,6.2,6.8,0.5999999999999996,0.5999999999999996,6.5,9.230769230769226
3,kolb,phase1_concrete,6,6,0,0,6,0
3,kolb,phase2_reflective,7,7,0,0,7,0
3,kolb,phase3_abstract,6,6,0,0,6,0
3,kolb,phase4_active,4,4,0,0,4,0
3,kolb,declarative,5,5,0,0,5,0
3,kolb,pragmatic,2,2,0,0,2,0
3,kolb,narrative,6,6,0,0,6,0
3,kolb,visionary,8,8,0,0,8,0
3,kolb,osmer_descriptive,5,6,1,1,5.5,18.181818181818183
3,kolb,osmer_interpretive,7,7,0,0,7,0
3,kolb,osmer_normative,7,7,0,0,7,0
3,kolb,osmer_pragmatic,3,3,0,0,3,0
3,kolb,style_assimilating,6,6,0,0,6,0
3,kolb,style_converging,3,3,0,0,3,0
3,kolb,style_accommodating,5,5,0,0,5,0
3,kolb,style_diverging,8,8,0,0,8,0
3,kolb,overall_kolb,5.8,5.5,-0.2999999999999998,0.2999999999999998,5.65,5.309734513274333
4,kolb,phase1_concrete,7,7,0,0,7,0
4,kolb,phase2_reflective,8,8,0,0,8,0
4,kolb,phase3_abstract,7,7,0,0,7,0
4,kolb,phase4_active,5,5,0,0,5,0
4,kolb,declarative,7,7,0,0,7,0
4,kolb,pragmatic,3,3,0,0,3,0
4,kolb,narrative,6,6,0,0,6,0
4,kolb,visionary,8,8,0,0,8,0
4,kolb,osmer_descriptive,7,7,0,0,7,0
4,kolb,osmer_interpretive,8,8,0,0,8,0
4,kolb,osmer_normative,7,7,0,0,7,0
4,kolb,osmer_pragmatic,4,4,0,0,4,0
4,kolb,style_assimilating,8,8,0,0,8,0
4,kolb,style_converging,4,4,0,0,4,0
4,kolb,style_accommodating,6,6,0,0,6,0
4,kolb,style_diverging,8,8,0,0,8,0
4,kolb,overall_kolb,6.5,6.5,0,0,6.5,0
5,kolb,phase1_concrete,7,6,-1,1,6.5,15.384615384615385
5,kolb,phase2_reflective,6,7,1,1,6.5,15.384615384615385
5,kolb,phase3_abstract,5,5,0,0,5,0
5,kolb,phase4_active,4,4,0,0,4,0
5,kolb,declarative,5,5,0,0,5,0
5,kolb,pragmatic,2,2,0,0,2,0
5,kolb,narrative,6,6,0,0,6,0
5,kolb,visionary,8,8,0,0,8,0
5,kolb,osmer_descriptive,6,5,-1,1,5.5,18.181818181818183
5,kolb,osmer_interpretive,7,7,0,0,7,0
5,kolb,osmer_normative,5,6,1,1,5.5,18.181818181818183
5,kolb,osmer_pragmatic,3,3,0,0,3,0
5,kolb,style_assimilating,5,5,0,0,5,0
5,kolb,style_converging,3,3,0,0,3,0
5,kolb,style_accommodating,6,6,0,0,6,0
5,kolb,style_diverging,8,8,0,0,8,0
5,kolb,overall_kolb,5.8,5.8,0,0,5.8,0
6,kolb,phase1_concrete,5,4,-1,1,4.5,22.22222222222222
6,kolb,phase2_reflective,7,7,0,0,7,0
6,kolb,phase3_abstract,6,6,0,0,6,0
6,kolb,phase4_active,4,4,0,0,4,0
6,kolb,declarative,7,8,1,1,7.5,13.333333333333334
6,kolb,pragmatic,2,2,0,0,2,0
6,kolb,narrative,3,3,0,0,3,0
6,kolb,visionary,6,5,-1,1,5.5,18.181818181818183
6,kolb,osmer_descriptive,5,5,0,0,5,0
6,kolb,osmer_interpretive,8,8,0,0,8,0
6,kolb,osmer_normative,6,6,0,0,6,0
6,kolb,osmer_pragmatic,4,3,-1,1,3.5,28.57142857142857
6,kolb,style_assimilating,8,8,0,0,8,0
6,kolb,style_converging,3,4,1,1,3.5,28.57142857142857
6,kolb,style_accommodating,4,2,-2,2,3,66.66666666666666
6,kolb,style_diverging,6,5,-1,1,5.5,18.181818181818183
6,kolb,overall_kolb,5.2,5.2,0,0,5.2,0
7,kolb,phase1_concrete,5,5,0,0,5,0
7,kolb,phase2_reflective,7,7,0,0,7,0
7,kolb,phase3_abstract,6,7,1,1,6.5,15.384615384615385
7,kolb,phase4_active,4,3,-1,1,3.5,28.57142857142857
7,kolb,declarative,7,8,1,1,7.5,13.333333333333334
7,kolb,pragmatic,3,2,-1,1,2.5,40
7,kolb,narrative,2,3,1,1,2.5,40
7,kolb,visionary,7,7,0,0,7,0
7,kolb,osmer_descriptive,5,5,0,0,5,0
7,kolb,osmer_interpretive,8,8,0,0,8,0
7,kolb,osmer_normative,6,7,1,1,6.5,15.384615384615385
7,kolb,osmer_pragmatic,3,3,0,0,3,0
7,kolb,style_assimilating,8,8,0,0,8,0
7,kolb,style_converging,4,3,-1,1,3.5,28.57142857142857
7,kolb,style_accommodating,5,4,-1,1,4.5,22.22222222222222
7,kolb,style_diverging,7,7,0,0,7,0
7,kolb,overall_kolb,5.5,5.5,0,0,5.5,0
8,kolb,phase1_concrete,7,8,1,1,7.5,13.333333333333334
8,kolb,phase2_reflective,6,7,1,1,6.5,15.384615384615385
8,kolb,phase3_abstract,5,6,1,1,5.5,18.181818181818183
8,kolb,phase4_active,4,5,1,1,4.5,22.22222222222222
8,kolb,declarative,6,6,0,0,6,0
8,kolb,pragmatic,3,3,0,0,3,0
8,kolb,narrative,7,7,0,0,7,0
8,kolb,visionary,7,8,1,1,7.5,13.333333333333334
8,kolb,osmer_descriptive,7,8,1,1,7.5,13.333333333333334
8,kolb,osmer_interpretive,6,7,1,1,6.5,15.384615384615385
8,kolb,osmer_normative,6,6,0,0,6,0
8,kolb,osmer_pragmatic,4,5,1,1,4.5,22.22222222222222
8,kolb,style_assimilating,6,6,0,0,6,0
8,kolb,style_converging,4,4,0,0,4,0
8,kolb,style_accommodating,7,7,0,0,7,0
8,kolb,style_diverging,8,8,0,0,8,0
8,kolb,overall_kolb,5.8,6.5,0.7000000000000002,0.7000000000000002,6.15,11.382113821138214
9,kolb,phase1_concrete,5,5,0,0,5,0
9,kolb,phase2_reflective,7,7,0,0,7,0
9,kolb,phase3_abstract,7,6,-1,1,6.5,15.384615384615385
9,kolb,phase4_active,4,4,0,0,4,0
9,kolb,declarative,7,7,0,0,7,0
9,kolb,pragmatic,2,2,0,0,2,0
9,kolb,narrative,3,3,0,0,3,0
9,kolb,visionary,8,8,0,0,8,0
9,kolb,osmer_descriptive,6,6,0,0,6,0
9,kolb,osmer_interpretive,8,8,0,0,8,0
9,kolb,osmer_normative,7,7,0,0,7,0
9,kolb,osmer_pragmatic,4,3,-1,1,3.5,28.57142857142857
9,kolb,style_assimilating,8,8,0,0,8,0
9,kolb,style_converging,4,4,0,0,4,0
9,kolb,style_accommodating,3,3,0,0,3,0
9,kolb,style_diverging,7,7,0,0,7,0
9,kolb,overall_kolb,5.8,5.5,-0.2999999999999998,0.2999999999999998,5.65,5.309734513274333
10,kolb,phase1_concrete,7,7,0,0,7,0
10,kolb,phase2_reflective,8,8,0,0,8,0
10,kolb,phase3_abstract,6,6,0,0,6,0
10,kolb,phase4_active,5,5,0,0,5,0
10,kolb,declarative,6,6,0,0,6,0
10,kolb,pragmatic,4,5,1,1,4.5,22.22222222222222
10,kolb,narrative,7,6,-1,1,6.5,15.384615384615385
10,kolb,visionary,7,7,0,0,7,0
10,kolb,osmer_descriptive,8,7,-1,1,7.5,13.333333333333334
10,kolb,osmer_interpretive,7,8,1,1,7.5,13.333333333333334
10,kolb,osmer_normative,6,6,0,0,6,0
10,kolb,osmer_pragmatic,5,5,0,0,5,0
10,kolb,style_assimilating,7,7,0,0,7,0
10,kolb,style_converging,5,5,0,0,5,0
10,kolb,style_accommodating,6,6,0,0,6,0
10,kolb,style_diverging,8,7,-1,1,7.5,13.333333333333334
10,kolb,overall_kolb,6.5,6.5,0,0,6.5,0
11,kolb,phase1_concrete,8,8,0,0,8,0
11,kolb,phase2_reflective,7,7,0,0,7,0
11,kolb,phase3_abstract,6,6,0,0,6,0
11,kolb,phase4_active,5,5,0,0,5,0
11,kolb,declarative,6,6,0,0,6,0
11,kolb,pragmatic,3,3,0,0,3,0
11,kolb,narrative,8,7,-1,1,7.5,13.333333333333334
11,kolb,visionary,8,8,0,0,8,0
11,kolb,osmer_descriptive,8,8,0,0,8,0
11,kolb,osmer_interpretive,7,7,0,0,7,0
11,kolb,osmer_normative,7,7,0,0,7,0
11,kolb,osmer_pragmatic,4,4,0,0,4,0
11,kolb,style_assimilating,6,6,0,0,6,0
11,kolb,style_converging,4,4,0,0,4,0
11,kolb,style_accommodating,7,7,0,0,7,0
11,kolb,style_diverging,9,8,-1,1,8.5,11.76470588235294
11,kolb,overall_kolb,6.5,6.5,0,0,6.5,0
12,kolb,phase1_concrete,7,7,0,0,7,0
12,kolb,phase2_reflective,8,8,0,0,8,0
12,kolb,phase3_abstract,6,6,0,0,6,0
12,kolb,phase4_active,5,4,-1,1,4.5,22.22222222222222
12,kolb,declarative,6,6,0,0,6,0
12,kolb,pragmatic,3,3,0,0,3,0
12,kolb,narrative,7,7,0,0,7,0
12,kolb,visionary,8,8,0,0,8,0
12,kolb,osmer_descriptive,7,7,0,0,7,0
12,kolb,osmer_interpretive,8,8,0,0,8,0
12,kolb,osmer_normative,7,6,-1,1,6.5,15.384615384615385
12,kolb,osmer_pragmatic,4,4,0,0,4,0
12,kolb,style_assimilating,6,7,1,1,6.5,15.384615384615385
12,kolb,style_converging,4,3,-1,1,3.5,28.57142857142857
12,kolb,style_accommodating,7,6,-1,1,6.5,15.384615384615385
12,kolb,style_diverging,8,8,0,0,8,0
12,kolb,overall_kolb,6.5,6.2,-0.2999999999999998,0.2999999999999998,6.35,4.724409448818895
13,kolb,phase1_concrete,7,7,0,0,7,0
13,kolb,phase2_reflective,8,8,0,0,8,0
13,kolb,phase3_abstract,6,6,0,0,6,0
13,kolb,phase4_active,4,4,0,0,4,0
13,kolb,declarative,5,5,0,0,5,0
13,kolb,pragmatic,2,2,0,0,2,0
13,kolb,narrative,7,7,0,0,7,0
13,kolb,visionary,8,8,0,0,8,0
13,kolb,osmer_descriptive,6,6,0,0,6,0
13,kolb,osmer_interpretive,7,8,1,1,7.5,13.333333333333334
13,kolb,osmer_normative,6,6,0,0,6,0
13,kolb,osmer_pragmatic,4,4,0,0,4,0
13,kolb,style_assimilating,5,6,1,1,5.5,18.181818181818183
13,kolb,style_converging,3,3,0,0,3,0
13,kolb,style_accommodating,6,6,0,0,6,0
13,kolb,style_diverging,8,8,0,0,8,0
13,kolb,overall_kolb,5.8,6.2,0.40000000000000036,0.40000000000000036,6,6.666666666666672
14,kolb,phase1_concrete,8,8,0,0,8,0
14,kolb,phase2_reflective,7,7,0,0,7,0
14,kolb,phase3_abstract,7,7,0,0,7,0
14,kolb,phase4_active,5,5,0,0,5,0
14,kolb,declarative,6,7,1,1,6.5,15.384615384615385
14,kolb,pragmatic,3,3,0,0,3,0
14,kolb,narrative,7,8,1,1,7.5,13.333333333333334
14,kolb,visionary,8,8,0,0,8,0
14,kolb,osmer_descriptive,7,7,0,0,7,0
14,kolb,osmer_interpretive,8,8,0,0,8,0
14,kolb,osmer_normative,7,7,0,0,7,0
14,kolb,osmer_pragmatic,4,4,0,0,4,0
14,kolb,style_assimilating,7,8,1,1,7.5,13.333333333333334
14,kolb,style_converging,4,4,0,0,4,0
14,kolb,style_accommodating,6,7,1,1,6.5,15.384615384615385
14,kolb,style_diverging,8,9,1,1,8.5,11.76470588235294
14,kolb,overall_kolb,6.5,6.8,0.2999999999999998,0.2999999999999998,6.65,4.5112781954887184
15,kolb,phase1_concrete,7,7,0,0,7,0
15,kolb,phase2_reflective,8,8,0,0,8,0
15,kolb,phase3_abstract,6,6,0,0,6,0
15,kolb,phase4_active,5,5,0,0,5,0
15,kolb,declarative,6,6,0,0,6,0
15,kolb,pragmatic,3,4,1,1,3.5,28.57142857142857
15,kolb,narrative,7,5,-2,2,6,33.33333333333333
15,kolb,visionary,8,8,0,0,8,0
15,kolb,osmer_descriptive,8,8,0,0,8,0
15,kolb,osmer_interpretive,7,7,0,0,7,0
15,kolb,osmer_normative,6,6,0,0,6,0
15,kolb,osmer_pragmatic,4,5,1,1,4.5,22.22222222222222
15,kolb,style_assimilating,6,6,0,0,6,0
15,kolb,style_converging,4,4,0,0,4,0
15,kolb,style_accommodating,7,7,0,0,7,0
15,kolb,style_diverging,8,8,0,0,8,0
15,kolb,overall_kolb,6.5,6.5,0,0,6.5,0
16,kolb,phase1_concrete,6,7,1,1,6.5,15.384615384615385
16,kolb,phase2_reflective,7,8,1,1,7.5,13.333333333333334
16,kolb,phase3_abstract,5,6,1,1,5.5,18.181818181818183
16,kolb,phase4_active,4,4,0,0,4,0
16,kolb,declarative,6,6,0,0,6,0
16,kolb,pragmatic,2,2,0,0,2,0
16,kolb,narrative,5,5,0,0,5,0
16,kolb,visionary,7,7,0,0,7,0
16,kolb,osmer_descriptive,6,7,1,1,6.5,15.384615384615385
16,kolb,osmer_interpretive,8,8,0,0,8,0
16,kolb,osmer_normative,6,6,0,0,6,0
16,kolb,osmer_pragmatic,3,3,0,0,3,0
16,kolb,style_assimilating,7,7,0,0,7,0
16,kolb,style_converging,3,3,0,0,3,0
16,kolb,style_accommodating,5,6,1,1,5.5,18.181818181818183
16,kolb,style_diverging,7,8,1,1,7.5,13.333333333333334
16,kolb,overall_kolb,5.4,5.8,0.39999999999999947,0.39999999999999947,5.6,7.142857142857134
17,kolb,phase1_concrete,7,6,-1,1,6.5,15.384615384615385
17,kolb,phase2_reflective,8,8,0,0,8,0
17,kolb,phase3_abstract,6,6,0,0,6,0
17,kolb,phase4_active,5,5,0,0,5,0
17,kolb,declarative,6,7,1,1,6.5,15.384615384615385
17,kolb,pragmatic,4,3,-1,1,3.5,28.57142857142857
17,kolb,narrative,5,5,0,0,5,0
17,kolb,visionary,7,7,0,0,7,0
17,kolb,osmer_descriptive,7,7,0,0,7,0
17,kolb,osmer_interpretive,8,8,0,0,8,0
17,kolb,osmer_normative,6,6,0,0,6,0
17,kolb,osmer_pragmatic,5,4,-1,1,4.5,22.22222222222222
17,kolb,style_assimilating,8,8,0,0,8,0
17,kolb,style_converging,5,4,-1,1,4.5,22.22222222222222
17,kolb,style_accommodating,4,5,1,1,4.5,22.22222222222222
17,kolb,style_diverging,7,7,0,0,7,0
17,kolb,overall_kolb,6.5,6.2,-0.2999999999999998,0.2999999999999998,6.35,4.724409448818895
18,kolb,phase1_concrete,5,5,0,0,5,0
18,kolb,phase2_reflective,7,8,1,1,7.5,13.333333333333334
18,kolb,phase3_abstract,8,7,-1,1,7.5,13.333333333333334
18,kolb,phase4_active,4,4,0,0,4,0
18,kolb,declarative,8,7,-1,1,7.5,13.333333333333334
18,kolb,pragmatic,3,3,0,0,3,0
18,kolb,narrative,5,5,0,0,5,0
18,kolb,visionary,7,8,1,1,7.5,13.333333333333334
18,kolb,osmer_descriptive,5,6,1,1,5.5,18.181818181818183
18,kolb,osmer_interpretive,8,8,0,0,8,0
18,kolb,osmer_normative,7,7,0,0,7,0
18,kolb,osmer_pragmatic,4,4,0,0,4,0
18,kolb,style_assimilating,8,8,0,0,8,0
18,kolb,style_converging,4,4,0,0,4,0
18,kolb,style_accommodating,5,5,0,0,5,0
18,kolb,style_diverging,7,7,0,0,7,0
18,kolb,overall_kolb,6.2,6.2,0,0,6.2,0
19,kolb,phase1_concrete,7,7,0,0,7,0
19,kolb,phase2_reflective,8,8,0,0,8,0
19,kolb,phase3_abstract,7,7,0,0,7,0
19,kolb,phase4_active,4,5,1,1,4.5,22.22222222222222
19,kolb,declarative,7,7,0,0,7,0
19,kolb,pragmatic,2,3,1,1,2.5,40
19,kolb,narrative,6,6,0,0,6,0
19,kolb,visionary,8,8,0,0,8,0
19,kolb,osmer_descriptive,6,6,0,0,6,0
19,kolb,osmer_interpretive,8,8,0,0,8,0
19,kolb,osmer_normative,7,7,0,0,7,0
19,kolb,osmer_pragmatic,4,4,0,0,4,0
19,kolb,style_assimilating,8,8,0,0,8,0
19,kolb,style_converging,3,3,0,0,3,0
19,kolb,style_accommodating,5,6,1,1,5.5,18.181818181818183
19,kolb,style_diverging,8,8,0,0,8,0
19,kolb,overall_kolb,6.5,6.5,0,0,6.5,0
20,kolb,phase1_concrete,7,6,-1,1,6.5,15.384615384615385
20,kolb,phase2_reflective,8,8,0,0,8,0
20,kolb,phase3_abstract,7,7,0,0,7,0
20,kolb,phase4_active,6,5,-1,1,5.5,18.181818181818183
20,kolb,declarative,7,7,0,0,7,0
20,kolb,pragmatic,5,3,-2,2,4,50
20,kolb,narrative,7,6,-1,1,6.5,15.384615384615385
20,kolb,visionary,8,8,0,0,8,0
20,kolb,osmer_descriptive,7,6,-1,1,6.5,15.384615384615385
20,kolb,osmer_interpretive,8,8,0,0,8,0
20,kolb,osmer_normative,7,7,0,0,7,0
20,kolb,osmer_pragmatic,6,5,-1,1,5.5,18.181818181818183
20,kolb,style_assimilating,8,8,0,0,8,0
20,kolb,style_converging,6,4,-2,2,5,40
20,kolb,style_accommodating,7,6,-1,1,6.5,15.384615384615385
20,kolb,style_diverging,8,8,0,0,8,0
20,kolb,overall_kolb,7.2,6.5,-0.7000000000000002,0.7000000000000002,6.85,10.218978102189784
21,kolb,phase1_concrete,8,8,0,0,8,0
21,kolb,phase2_reflective,7,7,0,0,7,0
21,kolb,phase3_abstract,6,6,0,0,6,0
21,kolb,phase4_active,5,6,1,1,5.5,18.181818181818183
21,kolb,declarative,6,5,-1,1,5.5,18.181818181818183
21,kolb,pragmatic,5,6,1,1,5.5,18.181818181818183
21,kolb,narrative,8,8,0,0,8,0
21,kolb,visionary,7,7,0,0,7,0
21,kolb,osmer_descriptive,8,8,0,0,8,0
21,kolb,osmer_interpretive,7,7,0,0,7,0
21,kolb,osmer_normative,7,7,0,0,7,0
21,kolb,osmer_pragmatic,6,6,0,0,6,0
21,kolb,style_assimilating,6,5,-1,1,5.5,18.181818181818183
21,kolb,style_converging,6,6,0,0,6,0
21,kolb,style_accommodating,8,8,0,0,8,0
21,kolb,style_diverging,7,8,1,1,7.5,13.333333333333334
21,kolb,overall_kolb,7.2,7.2,0,0,7.2,0
22,kolb,phase1_concrete,7,7,0,0,7,0
22,kolb,phase2_reflective,6,6,0,0,6,0
22,kolb,phase3_abstract,5,5,0,0,5,0
22,kolb,phase4_active,4,4,0,0,4,0
22,kolb,declarative,5,5,0,0,5,0
22,kolb,pragmatic,2,3,1,1,2.5,40
22,kolb,narrative,7,8,1,1,7.5,13.333333333333334
22,kolb,visionary,6,7,1,1,6.5,15.384615384615385
22,kolb,osmer_descriptive,6,6,0,0,6,0
22,kolb,osmer_interpretive,5,7,2,2,6,33.33333333333333
22,kolb,osmer_normative,6,5,-1,1,5.5,18.181818181818183
22,kolb,osmer_pragmatic,4,4,0,0,4,0
22,kolb,style_assimilating,5,5,0,0,5,0
22,kolb,style_converging,3,4,1,1,3.5,28.57142857142857
22,kolb,style_accommodating,7,7,0,0,7,0
22,kolb,style_diverging,7,8,1,1,7.5,13.333333333333334
22,kolb,overall_kolb,5.8,5.8,0,0,5.8,0
23,kolb,phase1_concrete,7,7,0,0,7,0
23,kolb,phase2_reflective,8,8,0,0,8,0
23,kolb,phase3_abstract,7,7,0,0,7,0
23,kolb,phase4_active,6,6,0,0,6,0
23,kolb,declarative,7,7,0,0,7,0
23,kolb,pragmatic,5,5,0,0,5,0
23,kolb,narrative,6,6,0,0,6,0
23,kolb,visionary,8,8,0,0,8,0
23,kolb,osmer_descriptive,7,7,0,0,7,0
23,kolb,osmer_interpretive,8,8,0,0,8,0
23,kolb,osmer_normative,7,7,0,0,7,0
23,kolb,osmer_pragmatic,6,6,0,0,6,0
23,kolb,style_assimilating,8,7,-1,1,7.5,13.333333333333334
23,kolb,style_converging,5,5,0,0,5,0
23,kolb,style_accommodating,6,6,0,0,6,0
23,kolb,style_diverging,8,8,0,0,8,0
23,kolb,overall_kolb,6.8,6.8,0,0,6.8,0
24,kolb,phase1_concrete,8,8,0,0,8,0
24,kolb,phase2_reflective,7,7,0,0,7,0
24,kolb,phase3_abstract,6,6,0,0,6,0
24,kolb,phase4_active,7,7,0,0,7,0
24,kolb,declarative,6,6,0,0,6,0
24,kolb,pragmatic,7,7,0,0,7,0
24,kolb,narrative,8,8,0,0,8,0
24,kolb,visionary,8,8,0,0,8,0
24,kolb,osmer_descriptive,8,8,0,0,8,0
24,kolb,osmer_interpretive,7,7,0,0,7,0
24,kolb,osmer_normative,7,6,-1,1,6.5,15.384615384615385
24,kolb,osmer_pragmatic,8,7,-1,1,7.5,13.333333333333334
24,kolb,style_assimilating,6,6,0,0,6,0
24,kolb,style_converging,7,7,0,0,7,0
24,kolb,style_accommodating,8,8,0,0,8,0
24,kolb,style_diverging,8,8,0,0,8,0
24,kolb,overall_kolb,7.2,7.1,-0.10000000000000053,0.10000000000000053,7.15,1.398601398601406
25,kolb,phase1_concrete,7,7,0,0,7,0
25,kolb,phase2_reflective,6,8,2,2,7,28.57142857142857
25,kolb,phase3_abstract,6,6,0,0,6,0
25,kolb,phase4_active,8,8,0,0,8,0
25,kolb,declarative,5,6,1,1,5.5,18.181818181818183
25,kolb,pragmatic,8,8,0,0,8,0
25,kolb,narrative,6,5,-1,1,5.5,18.181818181818183
25,kolb,visionary,7,7,0,0,7,0
25,kolb,osmer_descriptive,7,7,0,0,7,0
25,kolb,osmer_interpretive,6,8,2,2,7,28.57142857142857
25,kolb,osmer_normative,6,6,0,0,6,0
25,kolb,osmer_pragmatic,8,8,0,0,8,0
25,kolb,style_assimilating,5,6,1,1,5.5,18.181818181818183
25,kolb,style_converging,8,8,0,0,8,0
25,kolb,style_accommodating,7,7,0,0,7,0
25,kolb,style_diverging,7,7,0,0,7,0
25,kolb,overall_kolb,6.8,7.2,0.40000000000000036,0.40000000000000036,7,5.71428571428572
26,kolb,phase1_concrete,8,8,0,0,8,0
26,kolb,phase2_reflective,7,7,0,0,7,0
26,kolb,phase3_abstract,6,6,0,0,6,0
26,kolb,phase4_active,5,5,0,0,5,0
26,kolb,declarative,6,6,0,0,6,0
26,kolb,pragmatic,5,5,0,0,5,0
26,kolb,narrative,7,7,0,0,7,0
26,kolb,visionary,8,7,-1,1,7.5,13.333333333333334
26,kolb,osmer_descriptive,7,7,0,0,7,0
26,kolb,osmer_interpretive,8,8,0,0,8,0
26,kolb,osmer_normative,7,7,0,0,7,0
26,kolb,osmer_pragmatic,5,5,0,0,5,0
26,kolb,style_assimilating,7,7,0,0,7,0
26,kolb,style_converging,5,5,0,0,5,0
26,kolb,style_accommodating,6,7,1,1,6.5,15.384615384615385
26,kolb,style_diverging,8,8,0,0,8,0
26,kolb,overall_kolb,6.8,6.8,0,0,6.8,0
27,kolb,phase1_concrete,8,8,0,0,8,0
27,kolb,phase2_reflective,7,7,0,0,7,0
27,kolb,phase3_abstract,7,6,-1,1,6.5,15.384615384615385
27,kolb,phase4_active,6,7,1,1,6.5,15.384615384615385
27,kolb,declarative,6,5,-1,1,5.5,18.181818181818183
27,kolb,pragmatic,6,7,1,1,6.5,15.384615384615385
27,kolb,narrative,8,8,0,0,8,0
27,kolb,visionary,7,7,0,0,7,0
27,kolb,osmer_descriptive,8,8,0,0,8,0
27,kolb,osmer_interpretive,7,7,0,0,7,0
27,kolb,osmer_normative,7,7,0,0,7,0
27,kolb,osmer_pragmatic,6,6,0,0,6,0
27,kolb,style_assimilating,6,5,-1,1,5.5,18.181818181818183
27,kolb,style_converging,6,7,1,1,6.5,15.384615384615385
27,kolb,style_accommodating,8,8,0,0,8,0
27,kolb,style_diverging,7,7,0,0,7,0
27,kolb,overall_kolb,7,6.8,-0.20000000000000018,0.20000000000000018,6.9,2.898550724637684
28,kolb,phase1_concrete,6,7,1,1,6.5,15.384615384615385
28,kolb,phase2_reflective,8,8,0,0,8,0
28,kolb,phase3_abstract,7,6,-1,1,6.5,15.384615384615385
28,kolb,phase4_active,5,5,0,0,5,0
28,kolb,declarative,7,6,-1,1,6.5,15.384615384615385
28,kolb,pragmatic,4,4,0,0,4,0
28,kolb,narrative,6,7,1,1,6.5,15.384615384615385
28,kolb,visionary,8,8,0,0,8,0
28,kolb,osmer_descriptive,6,7,1,1,6.5,15.384615384615385
28,kolb,osmer_interpretive,8,8,0,0,8,0
28,kolb,osmer_normative,7,7,0,0,7,0
28,kolb,osmer_pragmatic,5,5,0,0,5,0
28,kolb,style_assimilating,8,7,-1,1,7.5,13.333333333333334
28,kolb,style_converging,5,5,0,0,5,0
28,kolb,style_accommodating,6,6,0,0,6,0
28,kolb,style_diverging,8,8,0,0,8,0
28,kolb,overall_kolb,6.8,6.8,0,0,6.8,0
1,schulz_von_thun,factual_blue,5,5,0,0,5,0
1,schulz_von_thun,self_green,7,7,0,0,7,0
1,schulz_von_thun,relational_yellow,4,4,0,0,4,0
1,schulz_von_thun,appeal_red,6,6,0,0,6,0
1,schulz_von_thun,overall_communication,5.5,5.5,0,0,5.5,0
2,schulz_von_thun,factual_blue,6,6,0,0,6,0
2,schulz_von_thun,self_green,8,8,0,0,8,0
2,schulz_von_thun,relational_yellow,5,5,0,0,5,0
2,schulz_von_thun,appeal_red,7,4,-3,3,5.5,54.54545454545454
2,schulz_von_thun,overall_communication,7,6,-1,1,6.5,15.384615384615385
3,schulz_von_thun,factual_blue,5,5,0,0,5,0
3,schulz_von_thun,self_green,6,6,0,0,6,0
3,schulz_von_thun,relational_yellow,5,5,0,0,5,0
3,schulz_von_thun,appeal_red,4,4,0,0,4,0
3,schulz_von_thun,overall_communication,5.5,5.5,0,0,5.5,0
4,schulz_von_thun,factual_blue,6,6,0,0,6,0
4,schulz_von_thun,self_green,8,8,0,0,8,0
4,schulz_von_thun,relational_yellow,7,7,0,0,7,0
4,schulz_von_thun,appeal_red,5,5,0,0,5,0
4,schulz_von_thun,overall_communication,6.5,6.5,0,0,6.5,0
5,schulz_von_thun,factual_blue,5,5,0,0,5,0
5,schulz_von_thun,self_green,7,7,0,0,7,0
5,schulz_von_thun,relational_yellow,6,6,0,0,6,0
5,schulz_von_thun,appeal_red,4,4,0,0,4,0
5,schulz_von_thun,overall_communication,5.5,6,0.5,0.5,5.75,8.695652173913043
6,schulz_von_thun,factual_blue,6,6,0,0,6,0
6,schulz_von_thun,self_green,5,5,0,0,5,0
6,schulz_von_thun,relational_yellow,4,4,0,0,4,0
6,schulz_von_thun,appeal_red,5,5,0,0,5,0
6,schulz_von_thun,overall_communication,5.5,5.2,-0.2999999999999998,0.2999999999999998,5.35,5.607476635514016
7,schulz_von_thun,factual_blue,6,6,0,0,6,0
7,schulz_von_thun,self_green,7,8,1,1,7.5,13.333333333333334
7,schulz_von_thun,relational_yellow,5,7,2,2,6,33.33333333333333
7,schulz_von_thun,appeal_red,4,5,1,1,4.5,22.22222222222222
7,schulz_von_thun,overall_communication,5.8,6.5,0.7000000000000002,0.7000000000000002,6.15,11.382113821138214
8,schulz_von_thun,factual_blue,6,6,0,0,6,0
8,schulz_von_thun,self_green,8,8,0,0,8,0
8,schulz_von_thun,relational_yellow,5,5,0,0,5,0
8,schulz_von_thun,appeal_red,4,4,0,0,4,0
8,schulz_von_thun,overall_communication,6.5,6,-0.5,0.5,6.25,8
9,schulz_von_thun,factual_blue,6,6,0,0,6,0
9,schulz_von_thun,self_green,7,7,0,0,7,0
9,schulz_von_thun,relational_yellow,5,5,0,0,5,0
9,schulz_von_thun,appeal_red,4,4,0,0,4,0
9,schulz_von_thun,overall_communication,6,5.5,-0.5,0.5,5.75,8.695652173913043
10,schulz_von_thun,factual_blue,6,6,0,0,6,0
10,schulz_von_thun,self_green,7,8,1,1,7.5,13.333333333333334
10,schulz_von_thun,relational_yellow,5,5,0,0,5,0
10,schulz_von_thun,appeal_red,4,4,0,0,4,0
10,schulz_von_thun,overall_communication,5.8,6,0.20000000000000018,0.20000000000000018,5.9,3.3898305084745792
11,schulz_von_thun,factual_blue,6,6,0,0,6,0
11,schulz_von_thun,self_green,8,7,-1,1,7.5,13.333333333333334
11,schulz_von_thun,relational_yellow,5,5,0,0,5,0
11,schulz_von_thun,appeal_red,7,4,-3,3,5.5,54.54545454545454
11,schulz_von_thun,overall_communication,7.5,6,-1.5,1.5,6.75,22.22222222222222
12,schulz_von_thun,factual_blue,6,6,0,0,6,0
12,schulz_von_thun,self_green,7,7,0,0,7,0
12,schulz_von_thun,relational_yellow,5,5,0,0,5,0
12,schulz_von_thun,appeal_red,4,4,0,0,4,0
12,schulz_von_thun,overall_communication,6,6,0,0,6,0
13,schulz_von_thun,factual_blue,5,6,1,1,5.5,18.181818181818183
13,schulz_von_thun,self_green,7,7,0,0,7,0
13,schulz_von_thun,relational_yellow,6,6,0,0,6,0
13,schulz_von_thun,appeal_red,5,5,0,0,5,0
13,schulz_von_thun,overall_communication,6,6.5,0.5,0.5,6.25,8
14,schulz_von_thun,factual_blue,7,6,-1,1,6.5,15.384615384615385
14,schulz_von_thun,self_green,8,8,0,0,8,0
14,schulz_von_thun,relational_yellow,6,5,-1,1,5.5,18.181818181818183
14,schulz_von_thun,appeal_red,5,7,2,2,6,33.33333333333333
14,schulz_von_thun,overall_communication,7,7,0,0,7,0
15,schulz_von_thun,factual_blue,6,6,0,0,6,0
15,schulz_von_thun,self_green,7,8,1,1,7.5,13.333333333333334
15,schulz_von_thun,relational_yellow,5,5,0,0,5,0
15,schulz_von_thun,appeal_red,4,4,0,0,4,0
15,schulz_von_thun,overall_communication,5.5,5.5,0,0,5.5,0
16,schulz_von_thun,factual_blue,6,6,0,0,6,0
16,schulz_von_thun,self_green,8,8,0,0,8,0
16,schulz_von_thun,relational_yellow,5,5,0,0,5,0
16,schulz_von_thun,appeal_red,4,4,0,0,4,0
16,schulz_von_thun,overall_communication,6,5.8,-0.20000000000000018,0.20000000000000018,5.9,3.3898305084745792
17,schulz_von_thun,factual_blue,6,5,-1,1,5.5,18.181818181818183
17,schulz_von_thun,self_green,7,6,-1,1,6.5,15.384615384615385
17,schulz_von_thun,relational_yellow,6,7,1,1,6.5,15.384615384615385
17,schulz_von_thun,appeal_red,5,4,-1,1,4.5,22.22222222222222
17,schulz_von_thun,overall_communication,6,5.5,-0.5,0.5,5.75,8.695652173913043
18,schulz_von_thun,factual_blue,6,6,0,0,6,0
18,schulz_von_thun,self_green,7,7,0,0,7,0
18,schulz_von_thun,relational_yellow,6,6,0,0,6,0
18,schulz_von_thun,appeal_red,5,5,0,0,5,0
18,schulz_von_thun,overall_communication,6.5,6.5,0,0,6.5,0
19,schulz_von_thun,factual_blue,7,8,1,1,7.5,13.333333333333334
19,schulz_von_thun,self_green,8,7,-1,1,7.5,13.333333333333334
19,schulz_von_thun,relational_yellow,6,6,0,0,6,0
19,schulz_von_thun,appeal_red,8,7,-1,1,7.5,13.333333333333334
19,schulz_von_thun,overall_communication,8,7.5,-0.5,0.5,7.75,6.451612903225806
20,schulz_von_thun,factual_blue,6,6,0,0,6,0
20,schulz_von_thun,self_green,7,8,1,1,7.5,13.333333333333334
20,schulz_von_thun,relational_yellow,5,5,0,0,5,0
20,schulz_von_thun,appeal_red,6,7,1,1,6.5,15.384615384615385
20,schulz_von_thun,overall_communication,6.5,6.5,0,0,6.5,0
21,schulz_von_thun,factual_blue,5,5,0,0,5,0
21,schulz_von_thun,self_green,8,8,0,0,8,0
21,schulz_von_thun,relational_yellow,6,6,0,0,6,0
21,schulz_von_thun,appeal_red,7,6,-1,1,6.5,15.384615384615385
21,schulz_von_thun,overall_communication,7,6.5,-0.5,0.5,6.75,7.4074074074074066
22,schulz_von_thun,factual_blue,5,5,0,0,5,0
22,schulz_von_thun,self_green,6,6,0,0,6,0
22,schulz_von_thun,relational_yellow,6,5,-1,1,5.5,18.181818181818183
22,schulz_von_thun,appeal_red,4,4,0,0,4,0
22,schulz_von_thun,overall_communication,5.5,5.5,0,0,5.5,0
23,schulz_von_thun,factual_blue,6,6,0,0,6,0
23,schulz_von_thun,self_green,7,7,0,0,7,0
23,schulz_von_thun,relational_yellow,5,5,0,0,5,0
23,schulz_von_thun,appeal_red,4,6,2,2,5,40
23,schulz_von_thun,overall_communication,6,6.5,0.5,0.5,6.25,8
24,schulz_von_thun,factual_blue,6,6,0,0,6,0
24,schulz_von_thun,self_green,8,8,0,0,8,0
24,schulz_von_thun,relational_yellow,7,5,-2,2,6,33.33333333333333
24,schulz_von_thun,appeal_red,5,4,-1,1,4.5,22.22222222222222
24,schulz_von_thun,overall_communication,6.5,6,-0.5,0.5,6.25,8
25,schulz_von_thun,factual_blue,6,6,0,0,6,0
25,schulz_von_thun,self_green,8,8,0,0,8,0
25,schulz_von_thun,relational_yellow,5,7,2,2,6,33.33333333333333
25,schulz_von_thun,appeal_red,4,5,1,1,4.5,22.22222222222222
25,schulz_von_thun,overall_communication,6,6.5,0.5,0.5,6.25,8
26,schulz_von_thun,factual_blue,6,6,0,0,6,0
26,schulz_von_thun,self_green,8,8,0,0,8,0
26,schulz_von_thun,relational_yellow,5,5,0,0,5,0
26,schulz_von_thun,appeal_red,4,4,0,0,4,0
26,schulz_von_thun,overall_communication,6.5,6,-0.5,0.5,6.25,8
27,schulz_von_thun,factual_blue,6,6,0,0,6,0
27,schulz_von_thun,self_green,7,7,0,0,7,0
27,schulz_von_thun,relational_yellow,6,6,0,0,6,0
27,schulz_von_thun,appeal_red,5,5,0,0,5,0
27,schulz_von_thun,overall_communication,6.5,6.2,-0.2999999999999998,0.2999999999999998,6.35,4.724409448818895
28,schulz_von_thun,factual_blue,6,6,0,0,6,0
28,schulz_von_thun,self_green,8,8,0,0,8,0
28,schulz_von_thun,relational_yellow,5,5,0,0,5,0
28,schulz_von_thun,appeal_red,4,4,0,0,4,0
28,schulz_von_thun,overall_communication,6,6.5,0.5,0.5,6.25,8
1,transactional,freedom_cp,4,4,0,0,4,0
1,transactional,healthy_np,6,6,0,0,6,0
1,transactional,adult,7,7,0,0,7,0
1,transactional,freedom_ac,5,5,0,0,5,0
1,transactional,free_child,4,3,-1,1,3.5,28.57142857142857
1,transactional,purity,5,6,1,1,5.5,18.181818181818183
1,transactional,psych_health,4,5,1,1,4.5,22.22222222222222
2,transactional,freedom_cp,2,2,0,0,2,0
2,transactional,healthy_np,4,3,-1,1,3.5,28.57142857142857
2,transactional,adult,5,4,-1,1,4.5,22.22222222222222
2,transactional,freedom_ac,3,2,-1,1,2.5,40
2,transactional,free_child,4,1,-3,3,2.5,120
2,transactional,purity,3,3,0,0,3,0
2,transactional,psych_health,3,3,0,0,3,0
3,transactional,freedom_cp,8,8,0,0,8,0
3,transactional,healthy_np,9,9,0,0,9,0
3,transactional,adult,7,7,0,0,7,0
3,transactional,freedom_ac,9,9,0,0,9,0
3,transactional,free_child,9,8,-1,1,8.5,11.76470588235294
3,transactional,purity,9,9,0,0,9,0
3,transactional,psych_health,9,9,0,0,9,0
4,transactional,freedom_cp,8,8,0,0,8,0
4,transactional,healthy_np,9,9,0,0,9,0
4,transactional,adult,9,9,0,0,9,0
4,transactional,freedom_ac,9,9,0,0,9,0
4,transactional,free_child,8,8,0,0,8,0
4,transactional,purity,9,9,0,0,9,0
4,transactional,psych_health,9,9,0,0,9,0
5,transactional,freedom_cp,8,8,0,0,8,0
5,transactional,healthy_np,7,7,0,0,7,0
5,transactional,adult,6,6,0,0,6,0
5,transactional,freedom_ac,9,9,0,0,9,0
5,transactional,free_child,8,8,0,0,8,0
5,transactional,purity,9,9,0,0,9,0
5,transactional,psych_health,8,8.5,0.5,0.5,8.25,6.0606060606060606
6,transactional,freedom_cp,3,3,0,0,3,0
6,transactional,healthy_np,4,4,0,0,4,0
6,transactional,adult,5,5,0,0,5,0
6,transactional,freedom_ac,4,4,0,0,4,0
6,transactional,free_child,1,1,0,0,1,0
6,transactional,purity,3,3,0,0,3,0
6,transactional,psych_health,2,2,0,0,2,0
7,transactional,freedom_cp,8,8,0,0,8,0
7,transactional,healthy_np,7,7,0,0,7,0
7,transactional,adult,9,9,0,0,9,0
7,transactional,freedom_ac,9,9,0,0,9,0
7,transactional,free_child,8,8,0,0,8,0
7,transactional,purity,9,9,0,0,9,0
7,transactional,psych_health,9,9,0,0,9,0
8,transactional,freedom_cp,4,4,0,0,4,0
8,transactional,healthy_np,7,7,0,0,7,0
8,transactional,adult,6,8,2,2,7,28.57142857142857
8,transactional,freedom_ac,5,6,1,1,5.5,18.181818181818183
8,transactional,free_child,8,8,0,0,8,0
8,transactional,purity,6,8,2,2,7,28.57142857142857
8,transactional,psych_health,7,7,0,0,7,0
9,transactional,freedom_cp,3,3,0,0,3,0
9,transactional,healthy_np,4,4,0,0,4,0
9,transactional,adult,6,6,0,0,6,0
9,transactional,freedom_ac,4,4,0,0,4,0
9,transactional,free_child,5,5,0,0,5,0
9,transactional,purity,4,4,0,0,4,0
9,transactional,psych_health,4,4,0,0,4,0
10,transactional,freedom_cp,7,7,0,0,7,0
10,transactional,healthy_np,8,8,0,0,8,0
10,transactional,adult,9,9,0,0,9,0
10,transactional,freedom_ac,9,8,-1,1,8.5,11.76470588235294
10,transactional,free_child,4,6,2,2,5,40
10,transactional,purity,9,7,-2,2,8,25
10,transactional,psych_health,8,8,0,0,8,0
11,transactional,freedom_cp,3,3,0,0,3,0
11,transactional,healthy_np,4,4,0,0,4,0
11,transactional,adult,5,5,0,0,5,0
11,transactional,freedom_ac,2,2,0,0,2,0
11,transactional,free_child,6,4,-2,2,5,40
11,transactional,purity,4,3,-1,1,3.5,28.57142857142857
11,transactional,psych_health,3,3,0,0,3,0
12,transactional,freedom_cp,4,4,0,0,4,0
12,transactional,healthy_np,6,6,0,0,6,0
12,transactional,adult,7,7,0,0,7,0
12,transactional,freedom_ac,5,5,0,0,5,0
12,transactional,free_child,4,3,-1,1,3.5,28.57142857142857
12,transactional,purity,6,5,-1,1,5.5,18.181818181818183
12,transactional,psych_health,5,5,0,0,5,0
13,transactional,freedom_cp,9,9,0,0,9,0
13,transactional,healthy_np,8,8,0,0,8,0
13,transactional,adult,9,9,0,0,9,0
13,transactional,freedom_ac,9,9,0,0,9,0
13,transactional,free_child,7,7,0,0,7,0
13,transactional,purity,9,9,0,0,9,0
13,transactional,psych_health,9,9,0,0,9,0
14,transactional,freedom_cp,4,4,0,0,4,0
14,transactional,healthy_np,7,7,0,0,7,0
14,transactional,adult,8,8,0,0,8,0
14,transactional,freedom_ac,6,6,0,0,6,0
14,transactional,free_child,5,7,2,2,6,33.33333333333333
14,transactional,purity,6,5,-1,1,5.5,18.181818181818183
14,transactional,psych_health,6,6,0,0,6,0
15,transactional,freedom_cp,3,4,1,1,3.5,28.57142857142857
15,transactional,healthy_np,6,6,0,0,6,0
15,transactional,adult,4,5,1,1,4.5,22.22222222222222
15,transactional,freedom_ac,2,2,0,0,2,0
15,transactional,free_child,5,3,-2,2,4,50
15,transactional,purity,4,4,0,0,4,0
15,transactional,psych_health,4,4,0,0,4,0
16,transactional,freedom_cp,2,2,0,0,2,0
16,transactional,healthy_np,4,4,0,0,4,0
16,transactional,adult,5,5,0,0,5,0
16,transactional,freedom_ac,8,8,0,0,8,0
16,transactional,free_child,3,3,0,0,3,0
16,transactional,purity,4,4,0,0,4,0
16,transactional,psych_health,4,3,-1,1,3.5,28.57142857142857
17,transactional,freedom_cp,7,8,1,1,7.5,13.333333333333334
17,transactional,healthy_np,8,9,1,1,8.5,11.76470588235294
17,transactional,adult,9,9,0,0,9,0
17,transactional,freedom_ac,8,8,0,0,8,0
17,transactional,free_child,6,7,1,1,6.5,15.384615384615385
17,transactional,purity,8,9,1,1,8.5,11.76470588235294
17,transactional,psych_health,8,9,1,1,8.5,11.76470588235294
18,transactional,freedom_cp,8,8,0,0,8,0
18,transactional,healthy_np,9,9,0,0,9,0
18,transactional,adult,9,9,0,0,9,0
18,transactional,freedom_ac,9,9,0,0,9,0
18,transactional,free_child,8,8,0,0,8,0
18,transactional,purity,9,9,0,0,9,0
18,transactional,psych_health,9,9,0,0,9,0
19,transactional,freedom_cp,9,8,-1,1,8.5,11.76470588235294
19,transactional,healthy_np,8,9,1,1,8.5,11.76470588235294
19,transactional,adult,9,9,0,0,9,0
19,transactional,freedom_ac,9,9,0,0,9,0
19,transactional,free_child,7,7,0,0,7,0
19,transactional,purity,9,9,0,0,9,0
19,transactional,psych_health,9,9,0,0,9,0
20,transactional,freedom_cp,8,8,0,0,8,0
20,transactional,healthy_np,9,7,-2,2,8,25
20,transactional,adult,9,9,0,0,9,0
20,transactional,freedom_ac,9,9,0,0,9,0
20,transactional,free_child,8,8,0,0,8,0
20,transactional,purity,9,9,0,0,9,0
20,transactional,psych_health,9,9,0,0,9,0
21,transactional,freedom_cp,8,8,0,0,8,0
21,transactional,healthy_np,7,9,2,2,8,25
21,transactional,adult,6,8,2,2,7,28.57142857142857
21,transactional,freedom_ac,9,9,0,0,9,0
21,transactional,free_child,8,7,-1,1,7.5,13.333333333333334
21,transactional,purity,8,9,1,1,8.5,11.76470588235294
21,transactional,psych_health,8,9,1,1,8.5,11.76470588235294
22,transactional,freedom_cp,8,8,0,0,8,0
22,transactional,healthy_np,7,7,0,0,7,0
22,transactional,adult,8,8,0,0,8,0
22,transactional,freedom_ac,9,9,0,0,9,0
22,transactional,free_child,6,6,0,0,6,0
22,transactional,purity,9,9,0,0,9,0
22,transactional,psych_health,9,9,0,0,9,0
23,transactional,freedom_cp,8,8,0,0,8,0
23,transactional,healthy_np,9,9,0,0,9,0
23,transactional,adult,8,9,1,1,8.5,11.76470588235294
23,transactional,freedom_ac,7,7,0,0,7,0
23,transactional,free_child,6,8,2,2,7,28.57142857142857
23,transactional,purity,9,9,0,0,9,0
23,transactional,psych_health,9,9,0,0,9,0
24,transactional,freedom_cp,8,8,0,0,8,0
24,transactional,healthy_np,9,9,0,0,9,0
24,transactional,adult,7,7,0,0,7,0
24,transactional,freedom_ac,9,6,-3,3,7.5,40
24,transactional,free_child,8,8,0,0,8,0
24,transactional,purity,8,7,-1,1,7.5,13.333333333333334
24,transactional,psych_health,8,7,-1,1,7.5,13.333333333333334
25,transactional,freedom_cp,3,3,0,0,3,0
25,transactional,healthy_np,5,5,0,0,5,0
25,transactional,adult,4,4,0,0,4,0
25,transactional,freedom_ac,4,4,0,0,4,0
25,transactional,free_child,6,6,0,0,6,0
25,transactional,purity,4,4,0,0,4,0
25,transactional,psych_health,4,4,0,0,4,0
26,transactional,freedom_cp,8,4,-4,4,6,66.66666666666666
26,transactional,healthy_np,9,8,-1,1,8.5,11.76470588235294
26,transactional,adult,9,7,-2,2,8,25
26,transactional,freedom_ac,9,6,-3,3,7.5,40
26,transactional,free_child,7,7,0,0,7,0
26,transactional,purity,9,6,-3,3,7.5,40
26,transactional,psych_health,9,7,-2,2,8,25
27,transactional,freedom_cp,8,8,0,0,8,0
27,transactional,healthy_np,9,9,0,0,9,0
27,transactional,adult,9,9,0,0,9,0
27,transactional,freedom_ac,9,9,0,0,9,0
27,transactional,free_child,8,8,0,0,8,0
27,transactional,purity,9,9,0,0,9,0
27,transactional,psych_health,9,9,0,0,9,0
28,transactional,freedom_cp,7,4,-3,3,5.5,54.54545454545454
28,transactional,healthy_np,8,7,-1,1,7.5,13.333333333333334
28,transactional,adult,6,6,0,0,6,0
28,transactional,freedom_ac,8,5,-3,3,6.5,46.15384615384615
28,transactional,free_child,9,8,-1,1,8.5,11.76470588235294
28,transactional,purity,7,6,-1,1,6.5,15.384615384615385
28,transactional,psych_health,8,5,-3,3,6.5,46.15384615384615
